image_name,image_idx,low lum,avg lum,high lum,red,yellow,green,blue,magenta,labels
D:/fivekdataset_big/input/train/a0001-jmac_DSC1459.tif,0,0,1,0,0.0,0.0,0.0,1.0,0.0,1
D:/fivekdataset_big/input/train/a0002-dgw_005.tif,1,0,1,0,0.0,0.0,0.0,1.0,0.0,1
D:/fivekdataset_big/input/train/a0003-NKIM_MG_8178.tif,2,1,0,0,1.0,1.0,0.0,1.0,0.0,4
D:/fivekdataset_big/input/train/a0004-jmac_MG_1384.tif,3,1,0,0,0.0,1.0,0.0,1.0,0.0,5
D:/fivekdataset_big/input/train/a0005-jn_2007_05_10__564.tif,4,1,0,0,1.0,0.0,0.0,1.0,0.0,4
D:/fivekdataset_big/input/train/a0006-IMG_2787.tif,5,0,1,0,0.0,1.0,1.0,0.0,0.0,3
D:/fivekdataset_big/input/train/a0007-IMG_2480.tif,6,0,1,0,0.0,1.0,0.0,1.0,0.0,3
D:/fivekdataset_big/input/train/a0008-WP_CRW_3959.tif,7,1,0,0,1.0,0.0,0.0,1.0,0.0,4
D:/fivekdataset_big/input/train/a0009-kme_372.tif,8,1,0,0,0.0,0.0,0.0,1.0,0.0,0
D:/fivekdataset_big/input/train/a0010-jmac_MG_4807.tif,9,0,0,1,0.0,1.0,0.0,1.0,0.0,2
D:/fivekdataset_big/input/train/a0011-DSC_0082.tif,10,1,0,0,0.0,0.0,0.0,1.0,0.0,0
D:/fivekdataset_big/input/train/a0012-kme_143.tif,11,1,0,0,1.0,1.0,0.0,1.0,0.0,4
D:/fivekdataset_big/input/train/a0013-MB_20030906_001.tif,12,0,1,0,1.0,0.0,0.0,1.0,0.0,1
D:/fivekdataset_big/input/train/a0014-WP_CRW_6320.tif,13,1,0,0,1.0,0.0,0.0,1.0,1.0,4
D:/fivekdataset_big/input/train/a0015-DSC_0081.tif,14,0,0,1,0.0,0.0,0.0,1.0,0.0,-1
D:/fivekdataset_big/input/train/a0016-jmac_MG_0795.tif,15,0,1,0,0.0,1.0,0.0,1.0,0.0,3
D:/fivekdataset_big/input/train/a0017-050710_031618__MG_3496.tif,16,0,1,0,1.0,1.0,1.0,0.0,0.0,3
D:/fivekdataset_big/input/train/a0018-kme_234.tif,17,0,1,0,0.0,0.0,0.0,1.0,0.0,1
D:/fivekdataset_big/input/train/a0019-jmac_MG_0653.tif,18,1,0,0,0.0,0.0,0.0,1.0,0.0,0
D:/fivekdataset_big/input/train/a0020-jmac_MG_6225.tif,19,0,1,0,1.0,1.0,1.0,0.0,0.0,3
D:/fivekdataset_big/input/train/a0021-07-11-28-at-09h22m57s-_MG_7427.tif,20,1,0,0,0.0,0.0,0.0,1.0,0.0,0
D:/fivekdataset_big/input/train/a0022-IMG_2380.tif,21,0,1,0,0.0,1.0,0.0,0.0,0.0,3
D:/fivekdataset_big/input/train/a0023-07-06-02-at-15h06m48-s_MG_1489.tif,22,1,0,0,0.0,1.0,0.0,1.0,0.0,5
D:/fivekdataset_big/input/train/a0024-_DSC8932.tif,23,0,0,1,1.0,0.0,0.0,1.0,1.0,-1
D:/fivekdataset_big/input/train/a0025-kme_298.tif,24,0,0,1,1.0,0.0,0.0,1.0,0.0,-1
D:/fivekdataset_big/input/train/a0026-kme_391.tif,25,0,1,0,1.0,0.0,0.0,1.0,0.0,1
D:/fivekdataset_big/input/train/a0027-IMG_3964.tif,26,1,0,0,0.0,0.0,0.0,1.0,0.0,0
D:/fivekdataset_big/input/train/a0028-_DSC0032.tif,27,1,0,0,1.0,1.0,0.0,1.0,0.0,4
D:/fivekdataset_big/input/train/a0029-jmac_DSC3974.tif,28,0,1,0,1.0,0.0,0.0,1.0,0.0,1
D:/fivekdataset_big/input/train/a0030-_MG_7844.tif,29,0,0,1,0.0,1.0,1.0,1.0,0.0,-1
D:/fivekdataset_big/input/train/a0031-WP_CRW_0736.tif,30,0,1,0,0.0,1.0,1.0,0.0,0.0,3
D:/fivekdataset_big/input/train/a0032-jmac_MG_0266.tif,31,1,0,0,0.0,1.0,0.0,1.0,0.0,5
D:/fivekdataset_big/input/train/a0033-KE_-2590.tif,32,1,0,0,0.0,0.0,0.0,1.0,0.0,0
D:/fivekdataset_big/input/train/a0034-LSYD4O2202.tif,33,1,0,0,0.0,0.0,0.0,1.0,0.0,0
D:/fivekdataset_big/input/train/a0035-dgw_048.tif,34,0,0,1,1.0,0.0,0.0,0.0,1.0,-1
D:/fivekdataset_big/input/train/a0036-jn_2007_05_05__183.tif,35,0,1,0,1.0,0.0,0.0,1.0,0.0,1
D:/fivekdataset_big/input/train/a0037-jmacAlgarve_Sagres_07.tif,36,1,0,0,1.0,1.0,0.0,1.0,0.0,4
D:/fivekdataset_big/input/train/a0038-MB_070908_135.tif,37,0,1,0,0.0,1.0,0.0,1.0,0.0,3
D:/fivekdataset_big/input/train/a0039-jmac_DSC3406.tif,38,1,0,0,0.0,0.0,0.0,1.0,0.0,0
D:/fivekdataset_big/input/train/a0040-_DSC5693.tif,39,0,0,1,0.0,0.0,0.0,1.0,0.0,-1
D:/fivekdataset_big/input/train/a0041-IMG_4972.tif,40,1,0,0,0.0,0.0,0.0,0.0,1.0,0
D:/fivekdataset_big/input/train/a0042-060813_155838__MG_6361.tif,41,0,1,0,1.0,1.0,0.0,1.0,0.0,3
D:/fivekdataset_big/input/train/a0043-07-11-27-at-12h09m46s-_MG_7307.tif,42,1,0,0,0.0,1.0,1.0,1.0,0.0,5
D:/fivekdataset_big/input/train/a0044-JI2E0511.tif,43,0,0,1,1.0,1.0,0.0,0.0,0.0,2
D:/fivekdataset_big/input/train/a0045-20050320_081337__E6B1177.tif,44,1,0,0,1.0,0.0,0.0,1.0,0.0,4
D:/fivekdataset_big/input/train/a0046-dgw_101.tif,45,0,1,0,1.0,0.0,0.0,1.0,0.0,-1
D:/fivekdataset_big/input/train/a0047-07-11-18-at-00h05m40s-_MG_4882.tif,46,0,0,1,0.0,1.0,0.0,0.0,0.0,-1
D:/fivekdataset_big/input/train/a0048-kme_066.tif,47,0,1,0,1.0,0.0,0.0,1.0,0.0,1
D:/fivekdataset_big/input/train/a0049-_I2E5952.tif,48,0,1,0,1.0,1.0,0.0,0.0,0.0,3
D:/fivekdataset_big/input/train/a0050-_DSC0006.tif,49,1,0,0,0.0,1.0,0.0,0.0,0.0,5
D:/fivekdataset_big/input/train/a0051-WP_CRW_3461.tif,50,1,0,0,1.0,0.0,0.0,1.0,0.0,4
D:/fivekdataset_big/input/train/a0052-dgw_131.tif,51,0,1,0,0.0,1.0,0.0,1.0,0.0,3
D:/fivekdataset_big/input/train/a0053-kme_103.tif,52,0,0,1,0.0,1.0,0.0,1.0,0.0,2
D:/fivekdataset_big/input/train/a0054-kme_097.tif,53,1,0,0,0.0,0.0,0.0,1.0,0.0,0
D:/fivekdataset_big/input/train/a0055-050729_194412__I2E5282.tif,54,0,1,0,0.0,0.0,0.0,1.0,0.0,1
D:/fivekdataset_big/input/train/a0056-LSYD4O0815.tif,55,1,0,0,0.0,0.0,0.0,1.0,0.0,0
D:/fivekdataset_big/input/train/a0057-kme_406.tif,56,0,0,1,1.0,0.0,0.0,1.0,0.0,2
D:/fivekdataset_big/input/train/a0058-NKIM_MG_6121.tif,57,0,1,0,1.0,0.0,0.0,1.0,0.0,1
D:/fivekdataset_big/input/train/a0059-JI2E5556.tif,58,0,1,0,1.0,0.0,0.0,1.0,0.0,1
D:/fivekdataset_big/input/train/a0060-jmac_DSC3171.tif,59,1,0,0,0.0,1.0,0.0,1.0,0.0,5
D:/fivekdataset_big/input/train/a0061-jn_20080802_0003.tif,60,1,0,0,0.0,0.0,0.0,1.0,0.0,0
D:/fivekdataset_big/input/train/a0062-LSCRW_0035.tif,61,1,0,0,1.0,0.0,0.0,1.0,0.0,4
D:/fivekdataset_big/input/train/a0063-IMG_4185.tif,62,1,0,0,0.0,0.0,0.0,1.0,1.0,0
D:/fivekdataset_big/input/train/a0064-_DSC7889.tif,63,1,0,0,0.0,0.0,0.0,1.0,0.0,0
D:/fivekdataset_big/input/train/a0065-_DSC6405.tif,64,1,0,0,0.0,0.0,0.0,1.0,0.0,0
D:/fivekdataset_big/input/train/a0066-Ja_Pe-65.tif,65,1,0,0,1.0,0.0,0.0,1.0,0.0,4
D:/fivekdataset_big/input/train/a0067-kme_213.tif,66,1,0,0,0.0,0.0,0.0,1.0,0.0,0
D:/fivekdataset_big/input/train/a0068-LS051026_day_1_arive53.tif,67,0,1,0,0.0,1.0,0.0,1.0,0.0,3
D:/fivekdataset_big/input/train/a0069-kme_056.tif,68,0,1,0,0.0,0.0,0.0,1.0,0.0,1
D:/fivekdataset_big/input/train/a0070-IMG_4327.tif,69,1,0,0,0.0,1.0,0.0,1.0,0.0,5
D:/fivekdataset_big/input/train/a0071-kme_490.tif,70,1,0,0,0.0,0.0,0.0,1.0,0.0,0
D:/fivekdataset_big/input/train/a0072-IMG_5048.tif,71,1,0,0,0.0,1.0,0.0,1.0,0.0,5
D:/fivekdataset_big/input/train/a0073-IMG_2593.tif,72,1,0,0,0.0,0.0,0.0,1.0,0.0,0
D:/fivekdataset_big/input/train/a0074-WP_CRW_0343.tif,73,1,0,0,0.0,1.0,0.0,1.0,0.0,5
D:/fivekdataset_big/input/train/a0075-jn_20080814_New_York_City_042.tif,74,1,0,0,0.0,1.0,1.0,1.0,0.0,5
D:/fivekdataset_big/input/train/a0076-jmac_MG_5736.tif,75,1,0,0,0.0,0.0,0.0,1.0,0.0,0
D:/fivekdataset_big/input/train/a0077-20080627_at_14h31m24__MG_0714.tif,76,1,0,0,1.0,0.0,0.0,1.0,0.0,4
D:/fivekdataset_big/input/train/a0078-IMG_0326.tif,77,1,0,0,0.0,0.0,0.0,1.0,0.0,0
D:/fivekdataset_big/input/train/a0079-IMG_4099.tif,78,1,0,0,0.0,0.0,0.0,1.0,0.0,0
D:/fivekdataset_big/input/train/a0080-kme_544.tif,79,0,0,1,0.0,0.0,0.0,1.0,0.0,2
D:/fivekdataset_big/input/train/a0081-kme_106.tif,80,1,0,0,1.0,1.0,0.0,1.0,0.0,4
D:/fivekdataset_big/input/train/a0082-IMG_4578.tif,81,1,0,0,1.0,1.0,0.0,0.0,0.0,-1
D:/fivekdataset_big/input/train/a0083-jmac_MG_0082.tif,82,1,0,0,0.0,0.0,0.0,1.0,0.0,0
D:/fivekdataset_big/input/train/a0084-_MG_1610.tif,83,1,0,0,0.0,1.0,0.0,1.0,0.0,5
D:/fivekdataset_big/input/train/a0085-kme_215.tif,84,0,0,1,1.0,0.0,0.0,1.0,0.0,2
D:/fivekdataset_big/input/train/a0086-WP_CRW_3706.tif,85,1,0,0,1.0,0.0,0.0,1.0,0.0,4
D:/fivekdataset_big/input/train/a0087-kme_155.tif,86,0,0,1,0.0,0.0,0.0,1.0,0.0,2
D:/fivekdataset_big/input/train/a0088-_DGW6376.tif,87,0,0,1,1.0,0.0,0.0,1.0,1.0,2
D:/fivekdataset_big/input/train/a0089-jn_20080509_245.tif,88,1,0,0,1.0,1.0,0.0,1.0,0.0,4
D:/fivekdataset_big/input/train/a0090-LS_060715_8754.tif,89,1,0,0,0.0,0.0,0.0,1.0,0.0,0
D:/fivekdataset_big/input/train/a0091-jmac_MG_4959.tif,90,0,1,0,1.0,0.0,0.0,1.0,0.0,1
D:/fivekdataset_big/input/train/a0092-jmac_MG_7673.tif,91,1,0,0,0.0,0.0,0.0,1.0,0.0,0
D:/fivekdataset_big/input/train/a0093-MB_070908_038.tif,92,1,0,0,0.0,0.0,0.0,1.0,0.0,0
D:/fivekdataset_big/input/train/a0094-CRW_2714.tif,93,1,0,0,0.0,0.0,0.0,1.0,0.0,0
D:/fivekdataset_big/input/train/a0095-IMG_9199.tif,94,0,1,0,1.0,0.0,0.0,1.0,0.0,1
D:/fivekdataset_big/input/train/a0096-_DGW6249.tif,95,0,0,1,1.0,1.0,0.0,1.0,0.0,2
D:/fivekdataset_big/input/train/a0097-JI2E5089.tif,96,1,0,0,0.0,0.0,0.0,1.0,0.0,0
D:/fivekdataset_big/input/train/a0098-kme_187.tif,97,0,0,1,0.0,0.0,1.0,1.0,0.0,2
D:/fivekdataset_big/input/train/a0099-kme_264.tif,98,1,0,0,0.0,0.0,0.0,1.0,0.0,0
D:/fivekdataset_big/input/train/a0100-AlexWed07-9691.tif,99,1,0,0,1.0,0.0,0.0,1.0,0.0,4
D:/fivekdataset_big/input/train/a0101-kme_610.tif,100,0,0,1,0.0,0.0,0.0,1.0,0.0,2
D:/fivekdataset_big/input/train/a0102-IMG_3663-1.tif,101,1,0,0,0.0,0.0,0.0,1.0,0.0,0
D:/fivekdataset_big/input/train/a0103-jmac_MG_1394.tif,102,0,1,0,1.0,1.0,0.0,1.0,0.0,3
D:/fivekdataset_big/input/train/a0104-dvf_003.tif,103,1,0,0,1.0,0.0,0.0,1.0,0.0,4
D:/fivekdataset_big/input/train/a0105-kme_439.tif,104,0,1,0,1.0,1.0,0.0,1.0,0.0,3
D:/fivekdataset_big/input/train/a0106-NKIM_120.tif,105,0,1,0,0.0,0.0,0.0,1.0,0.0,1
D:/fivekdataset_big/input/train/a0107-IMG_2837.tif,106,0,1,0,1.0,0.0,0.0,1.0,0.0,1
D:/fivekdataset_big/input/train/a0108-kme_175.tif,107,1,0,0,1.0,0.0,0.0,1.0,0.0,4
D:/fivekdataset_big/input/train/a0109-_DSC0022-1.tif,108,1,0,0,0.0,1.0,0.0,1.0,0.0,5
D:/fivekdataset_big/input/train/a0110-IMG_3981.tif,109,0,1,0,1.0,0.0,1.0,1.0,0.0,1
D:/fivekdataset_big/input/train/a0111-IMG_4425.tif,110,0,1,0,1.0,0.0,0.0,1.0,0.0,1
D:/fivekdataset_big/input/train/a0112-kme_093.tif,111,1,0,0,0.0,0.0,0.0,1.0,0.0,0
D:/fivekdataset_big/input/train/a0113-IMG_1129.tif,112,0,1,0,1.0,1.0,0.0,0.0,0.0,3
D:/fivekdataset_big/input/train/a0114-KE_-0062.tif,113,1,0,0,0.0,1.0,1.0,1.0,0.0,5
D:/fivekdataset_big/input/train/a0115-DSC_0004-1.tif,114,0,1,0,0.0,1.0,0.0,1.0,0.0,3
D:/fivekdataset_big/input/train/a0116-WP_IMG_0083.tif,115,0,0,1,1.0,0.0,0.0,1.0,0.0,2
D:/fivekdataset_big/input/train/a0117-kme_006.tif,116,1,0,0,0.0,1.0,0.0,1.0,0.0,5
D:/fivekdataset_big/input/train/a0118-20051223_103622__MG_0617.tif,117,0,1,0,0.0,0.0,0.0,1.0,0.0,1
D:/fivekdataset_big/input/train/a0119-kme_120.tif,118,0,0,1,0.0,0.0,0.0,1.0,0.0,2
D:/fivekdataset_big/input/train/a0120-_MG_0300.tif,119,0,1,0,0.0,1.0,0.0,1.0,0.0,3
D:/fivekdataset_big/input/train/a0121-jmac_MG_7813.tif,120,1,0,0,1.0,0.0,0.0,1.0,0.0,4
D:/fivekdataset_big/input/train/a0122-NKIM_MG_8181.tif,121,1,0,0,0.0,0.0,0.0,1.0,0.0,0
D:/fivekdataset_big/input/train/a0123-JI2E4140.tif,122,0,0,1,0.0,1.0,0.0,0.0,0.0,2
D:/fivekdataset_big/input/train/a0124-jmac_DSC3133.tif,123,1,0,0,0.0,0.0,0.0,1.0,0.0,0
D:/fivekdataset_big/input/train/a0125-kme_314.tif,124,1,0,0,0.0,0.0,0.0,1.0,0.0,0
D:/fivekdataset_big/input/train/a0126-DSC_0025.tif,125,1,0,0,1.0,0.0,0.0,1.0,0.0,4
D:/fivekdataset_big/input/train/a0127-kme_578.tif,126,1,0,0,0.0,0.0,0.0,1.0,0.0,0
D:/fivekdataset_big/input/train/a0128-IMG_0793.tif,127,0,1,0,1.0,0.0,0.0,1.0,0.0,1
D:/fivekdataset_big/input/train/a0129-kme_532.tif,128,1,0,0,0.0,0.0,0.0,1.0,0.0,0
D:/fivekdataset_big/input/train/a0130-kme_494.tif,129,0,0,1,1.0,1.0,1.0,1.0,0.0,2
D:/fivekdataset_big/input/train/a0131-050801_142414__I2E5524.tif,130,1,0,0,0.0,0.0,0.0,1.0,0.0,0
D:/fivekdataset_big/input/train/a0132-tc_DSC2376.tif,131,1,0,0,0.0,0.0,0.0,1.0,0.0,0
D:/fivekdataset_big/input/train/a0133-050724_185320__I2E5160.tif,132,0,1,0,0.0,1.0,0.0,1.0,0.0,3
D:/fivekdataset_big/input/train/a0134-LS051025_day_2_LL003.tif,133,1,0,0,1.0,1.0,0.0,1.0,0.0,4
D:/fivekdataset_big/input/train/a0135-IMG_2595.tif,134,0,1,0,0.0,1.0,0.0,1.0,0.0,3
D:/fivekdataset_big/input/train/a0136-CRW_0157.tif,135,1,0,0,0.0,1.0,1.0,1.0,0.0,5
D:/fivekdataset_big/input/train/a0137-IMG_4565.tif,136,1,0,0,1.0,0.0,0.0,1.0,0.0,4
D:/fivekdataset_big/input/train/a0138-_DSC2986.tif,137,1,0,0,1.0,0.0,0.0,1.0,0.0,4
D:/fivekdataset_big/input/train/a0139-060526_142248__MG_8130.tif,138,0,1,0,0.0,1.0,0.0,1.0,0.0,3
D:/fivekdataset_big/input/train/a0140-jmac_DSC3242.tif,139,1,0,0,1.0,0.0,0.0,1.0,0.0,4
D:/fivekdataset_big/input/train/a0141-IMG_3342.tif,140,1,0,0,1.0,0.0,0.0,1.0,0.0,4
D:/fivekdataset_big/input/train/a0142-IMG_2048.tif,141,1,0,0,0.0,0.0,0.0,1.0,0.0,0
D:/fivekdataset_big/input/train/a0143-kme_060.tif,142,1,0,0,0.0,1.0,0.0,1.0,0.0,5
D:/fivekdataset_big/input/train/a0144-07-11-20-at-16h38m08s-_MG_5725.tif,143,1,0,0,0.0,1.0,1.0,1.0,0.0,5
D:/fivekdataset_big/input/train/a0145-DSC_0009-1.tif,144,0,1,0,0.0,0.0,0.0,1.0,0.0,1
D:/fivekdataset_big/input/train/a0146-07-11-23-at-10h54m29s-_MG_6544.tif,145,0,1,0,0.0,1.0,0.0,1.0,0.0,3
D:/fivekdataset_big/input/train/a0147-kme_333.tif,146,1,0,0,0.0,0.0,1.0,1.0,0.0,0
D:/fivekdataset_big/input/train/a0148-07-07-16-at-23h50m49s-_MG_2214.tif,147,0,0,1,1.0,0.0,0.0,1.0,0.0,-1
D:/fivekdataset_big/input/train/a0149-tc_DSC3938.tif,148,1,0,0,0.0,0.0,0.0,1.0,0.0,0
D:/fivekdataset_big/input/train/a0150-_DSC0064.tif,149,1,0,0,0.0,1.0,0.0,1.0,0.0,5
D:/fivekdataset_big/input/train/a0151-JI2E3955.tif,150,1,0,0,0.0,0.0,0.0,1.0,0.0,0
D:/fivekdataset_big/input/train/a0152-IMG_2713.tif,151,0,1,0,0.0,1.0,1.0,1.0,0.0,3
D:/fivekdataset_big/input/train/a0153-kme_560.tif,152,1,0,0,0.0,0.0,0.0,1.0,0.0,0
D:/fivekdataset_big/input/train/a0154-IMG_4393.tif,153,1,0,0,0.0,0.0,1.0,0.0,1.0,0
D:/fivekdataset_big/input/train/a0155-kme_116.tif,154,0,1,0,0.0,0.0,0.0,1.0,0.0,1
D:/fivekdataset_big/input/train/a0156-_DSC0008.tif,155,1,0,0,0.0,0.0,0.0,1.0,0.0,0
D:/fivekdataset_big/input/train/a0157-DSC_0011-1.tif,156,0,1,0,0.0,0.0,0.0,1.0,0.0,1
D:/fivekdataset_big/input/train/a0158-051124_163114__I2E9732.tif,157,1,0,0,0.0,1.0,0.0,1.0,0.0,5
D:/fivekdataset_big/input/train/a0159-20061222_130937__E6B6186.tif,158,0,0,1,0.0,0.0,0.0,1.0,0.0,-1
D:/fivekdataset_big/input/train/a0160-_DSC0023.tif,159,1,0,0,1.0,1.0,0.0,1.0,0.0,4
D:/fivekdataset_big/input/train/a0161-_DSC0022.tif,160,1,0,0,1.0,0.0,0.0,1.0,0.0,4
D:/fivekdataset_big/input/train/a0162-WP_CRW_0271.tif,161,0,1,0,0.0,1.0,0.0,1.0,0.0,3
D:/fivekdataset_big/input/train/a0163-WP_CRW_0638.tif,162,1,0,0,0.0,0.0,0.0,1.0,1.0,0
D:/fivekdataset_big/input/train/a0164-kme_446.tif,163,0,1,0,0.0,0.0,0.0,1.0,0.0,1
D:/fivekdataset_big/input/train/a0165-_MG_1166.tif,164,1,0,0,0.0,0.0,0.0,1.0,0.0,0
D:/fivekdataset_big/input/train/a0166-kme_509.tif,165,1,0,0,0.0,1.0,0.0,1.0,0.0,5
D:/fivekdataset_big/input/train/a0167-JI2E5064.tif,166,1,0,0,0.0,0.0,0.0,1.0,0.0,0
D:/fivekdataset_big/input/train/a0168-LSCRW_2102.tif,167,1,0,0,1.0,0.0,0.0,1.0,0.0,4
D:/fivekdataset_big/input/train/a0169-jn_20081025_Kent_Shelter_168.tif,168,1,0,0,1.0,1.0,0.0,1.0,0.0,4
D:/fivekdataset_big/input/train/a0170-IMG_0071.tif,169,0,0,1,0.0,1.0,0.0,1.0,0.0,-1
D:/fivekdataset_big/input/train/a0171-kme_265.tif,170,1,0,0,1.0,1.0,0.0,1.0,0.0,4
D:/fivekdataset_big/input/train/a0172-jmac_DSC3528.tif,171,0,0,1,1.0,0.0,0.0,1.0,0.0,-1
D:/fivekdataset_big/input/train/a0173-IMG_1653.tif,172,0,1,0,1.0,1.0,0.0,0.0,0.0,3
D:/fivekdataset_big/input/train/a0174-NKIM_MG_6678.tif,173,1,0,0,0.0,0.0,0.0,1.0,0.0,0
D:/fivekdataset_big/input/train/a0175-KE_-1376.tif,174,1,0,0,0.0,1.0,0.0,1.0,0.0,5
D:/fivekdataset_big/input/train/a0176-jmac_DSC0547.tif,175,0,0,1,0.0,0.0,0.0,1.0,0.0,-1
D:/fivekdataset_big/input/train/a0177-dgw_078.tif,176,0,0,1,0.0,1.0,0.0,1.0,0.0,-1
D:/fivekdataset_big/input/train/a0178-20050330_200118__E6B2943.tif,177,0,1,0,1.0,0.0,0.0,1.0,0.0,-1
D:/fivekdataset_big/input/train/a0179-IMG_0006.tif,178,1,0,0,0.0,0.0,1.0,1.0,0.0,0
D:/fivekdataset_big/input/train/a0180-kme_307.tif,179,1,0,0,0.0,0.0,0.0,1.0,0.0,0
D:/fivekdataset_big/input/train/a0181-IMG_0015.tif,180,0,0,1,1.0,0.0,0.0,1.0,1.0,-1
D:/fivekdataset_big/input/train/a0182-jmac_DSC2564.tif,181,1,0,0,1.0,0.0,0.0,1.0,1.0,4
D:/fivekdataset_big/input/train/a0183-07-06-02-at-07h15m59-s_MG_1347.tif,182,0,1,0,1.0,1.0,0.0,1.0,0.0,3
D:/fivekdataset_big/input/train/a0184-_DSC0097.tif,183,1,0,0,1.0,0.0,0.0,1.0,1.0,4
D:/fivekdataset_big/input/train/a0185-07-07-06-at-20h08m44s-_MG_2130.tif,184,0,1,0,1.0,1.0,0.0,1.0,0.0,3
D:/fivekdataset_big/input/train/a0186-IMG_4587.tif,185,0,0,1,1.0,1.0,0.0,1.0,0.0,2
D:/fivekdataset_big/input/train/a0187-IMG_3832.tif,186,0,1,0,1.0,0.0,0.0,1.0,0.0,-1
D:/fivekdataset_big/input/train/a0188-IMG_0344.tif,187,0,1,0,0.0,1.0,0.0,1.0,0.0,3
D:/fivekdataset_big/input/train/a0189-IMG_1799.tif,188,1,0,0,1.0,0.0,0.0,0.0,0.0,4
D:/fivekdataset_big/input/train/a0190-dgw_034.tif,189,0,1,0,0.0,0.0,0.0,1.0,0.0,1
D:/fivekdataset_big/input/train/a0191-jmac_DSC2666.tif,190,1,0,0,0.0,0.0,0.0,1.0,0.0,0
D:/fivekdataset_big/input/train/a0192-_MG_7063.tif,191,1,0,0,0.0,0.0,0.0,1.0,0.0,0
D:/fivekdataset_big/input/train/a0193-IMG_4321.tif,192,1,0,0,1.0,1.0,0.0,1.0,0.0,4
D:/fivekdataset_big/input/train/a0194-IMG_2736.tif,193,1,0,0,0.0,1.0,1.0,0.0,0.0,5
D:/fivekdataset_big/input/train/a0195-_DGW6246.tif,194,0,0,1,1.0,1.0,1.0,1.0,0.0,2
D:/fivekdataset_big/input/train/a0196-2004-01-25+13-34-10+CRW_3079.tif,195,0,1,0,1.0,0.0,0.0,1.0,0.0,-1
D:/fivekdataset_big/input/train/a0197-Ja_Pe-32.tif,196,0,1,0,0.0,1.0,0.0,1.0,0.0,3
D:/fivekdataset_big/input/train/a0198-kme_134.tif,197,0,1,0,0.0,0.0,0.0,1.0,0.0,1
D:/fivekdataset_big/input/train/a0199-MB_060311_023.tif,198,0,1,0,1.0,0.0,0.0,1.0,0.0,-1
D:/fivekdataset_big/input/train/a0200-KE_-2669.tif,199,1,0,0,0.0,0.0,0.0,1.0,0.0,0
D:/fivekdataset_big/input/train/a0201-MB_20030906_073.tif,200,1,0,0,1.0,1.0,0.0,1.0,0.0,4
D:/fivekdataset_big/input/train/a0202-KE_-1498.tif,201,0,0,1,1.0,1.0,0.0,0.0,0.0,2
D:/fivekdataset_big/input/train/a0203-07-06-01-at-15h10m04-s_MG_1303.tif,202,1,0,0,0.0,0.0,0.0,1.0,0.0,0
D:/fivekdataset_big/input/train/a0204-_DSC3018.tif,203,1,0,0,0.0,0.0,0.0,1.0,0.0,0
D:/fivekdataset_big/input/train/a0205-NKIM_MG_6466.tif,204,1,0,0,0.0,0.0,0.0,1.0,0.0,0
D:/fivekdataset_big/input/train/a0206-kme_576.tif,205,1,0,0,0.0,0.0,0.0,1.0,0.0,0
D:/fivekdataset_big/input/train/a0207-jmac_MG_7695.tif,206,0,1,0,0.0,0.0,0.0,1.0,0.0,1
D:/fivekdataset_big/input/train/a0208-_DGW6392.tif,207,0,0,1,0.0,0.0,0.0,1.0,0.0,-1
D:/fivekdataset_big/input/train/a0209-_DGW6273.tif,208,0,1,0,1.0,0.0,0.0,1.0,0.0,-1
D:/fivekdataset_big/input/train/a0210-jmac_DSC0830.tif,209,1,0,0,1.0,0.0,0.0,1.0,1.0,4
D:/fivekdataset_big/input/train/a0211-IMG_0028.tif,210,1,0,0,1.0,0.0,0.0,1.0,0.0,4
D:/fivekdataset_big/input/train/a0212-IMG_0358.tif,211,0,0,1,1.0,1.0,0.0,1.0,0.0,2
D:/fivekdataset_big/input/train/a0213-kme_335.tif,212,1,0,0,1.0,0.0,0.0,1.0,0.0,4
D:/fivekdataset_big/input/train/a0214-IMG_1676.tif,213,0,1,0,0.0,0.0,0.0,1.0,0.0,1
D:/fivekdataset_big/input/train/a0215-IMG_1442.tif,214,0,1,0,0.0,1.0,0.0,1.0,0.0,3
D:/fivekdataset_big/input/train/a0216-IMG_4476.tif,215,0,1,0,0.0,1.0,0.0,1.0,0.0,3
D:/fivekdataset_big/input/train/a0217-_DGW6260.tif,216,1,0,0,0.0,0.0,0.0,1.0,1.0,0
D:/fivekdataset_big/input/train/a0218-kme_181.tif,217,0,0,1,0.0,0.0,0.0,1.0,0.0,-1
D:/fivekdataset_big/input/train/a0219-WP_CRW_6890.tif,218,1,0,0,0.0,1.0,1.0,1.0,0.0,5
D:/fivekdataset_big/input/train/a0220-LS051026_day_1_arive28.tif,219,0,0,1,0.0,0.0,0.0,1.0,0.0,-1
D:/fivekdataset_big/input/train/a0221-NKIM_MG_3324.tif,220,1,0,0,0.0,0.0,1.0,1.0,0.0,0
D:/fivekdataset_big/input/train/a0222-NKIM_MG_2635.tif,221,1,0,0,0.0,0.0,0.0,1.0,0.0,0
D:/fivekdataset_big/input/train/a0223-050816_115418__MG_4849.tif,222,1,0,0,1.0,1.0,0.0,1.0,0.0,4
D:/fivekdataset_big/input/train/a0224-IMG_5820.tif,223,0,1,0,1.0,0.0,0.0,1.0,1.0,-1
D:/fivekdataset_big/input/train/a0225-dgw_127.tif,224,0,0,1,0.0,1.0,0.0,1.0,0.0,-1
D:/fivekdataset_big/input/train/a0226-WP_CRW_4861.tif,225,1,0,0,0.0,0.0,0.0,1.0,0.0,0
D:/fivekdataset_big/input/train/a0227-jn_20081025_Kent_Shelter_001.tif,226,1,0,0,0.0,1.0,0.0,1.0,0.0,5
D:/fivekdataset_big/input/train/a0228-IMG_2688.tif,227,1,0,0,0.0,0.0,0.0,1.0,0.0,0
D:/fivekdataset_big/input/train/a0229-kme_191.tif,228,0,0,1,0.0,0.0,0.0,1.0,0.0,-1
D:/fivekdataset_big/input/train/a0230-_DSC0126.tif,229,1,0,0,1.0,0.0,0.0,1.0,0.0,4
D:/fivekdataset_big/input/train/a0231-_DSC1319.tif,230,0,1,0,0.0,1.0,0.0,1.0,0.0,3
D:/fivekdataset_big/input/train/a0232-MB_20030906_040.tif,231,0,1,0,0.0,1.0,0.0,1.0,0.0,3
D:/fivekdataset_big/input/train/a0233-jn_2007_12_15__BU_CRUISE_248.tif,232,1,0,0,0.0,0.0,0.0,1.0,0.0,0
D:/fivekdataset_big/input/train/a0234-JI2E4685.tif,233,1,0,0,0.0,0.0,0.0,1.0,0.0,0
D:/fivekdataset_big/input/train/a0235-DSC_0193.tif,234,0,0,1,0.0,1.0,0.0,1.0,0.0,-1
D:/fivekdataset_big/input/train/a0236-060526_142240__MG_8129.tif,235,0,0,1,0.0,1.0,0.0,0.0,0.0,-1
D:/fivekdataset_big/input/train/a0237-_DSC9985.tif,236,0,1,0,0.0,0.0,0.0,1.0,0.0,1
D:/fivekdataset_big/input/train/a0238-dvf_024.tif,237,1,0,0,0.0,1.0,0.0,1.0,0.0,5
D:/fivekdataset_big/input/train/a0239-_MG_1622.tif,238,0,1,0,0.0,0.0,0.0,1.0,0.0,1
D:/fivekdataset_big/input/train/a0240-jmac_DSC1221.tif,239,1,0,0,0.0,0.0,0.0,1.0,0.0,0
D:/fivekdataset_big/input/train/a0241-NKIM_MG_6579.tif,240,1,0,0,1.0,1.0,0.0,1.0,0.0,4
D:/fivekdataset_big/input/train/a0242-07-06-01-at-12h55m36-s_MG_1241.tif,241,0,1,0,0.0,1.0,0.0,1.0,0.0,3
D:/fivekdataset_big/input/train/a0243-IMG_5006.tif,242,1,0,0,0.0,0.0,0.0,1.0,0.0,0
D:/fivekdataset_big/input/train/a0244-GrassleyCase-5393.tif,243,0,1,0,1.0,0.0,0.0,1.0,0.0,-1
D:/fivekdataset_big/input/train/a0245-IMG_4069.tif,244,0,0,1,0.0,1.0,0.0,1.0,0.0,-1
D:/fivekdataset_big/input/train/a0246-IMG_1652.tif,245,0,1,0,1.0,0.0,0.0,1.0,0.0,-1
D:/fivekdataset_big/input/train/a0247-kme_376.tif,246,1,0,0,0.0,0.0,0.0,1.0,0.0,0
D:/fivekdataset_big/input/train/a0248-IMG_4976.tif,247,1,0,0,0.0,0.0,0.0,1.0,1.0,0
D:/fivekdataset_big/input/train/a0249-kme_392.tif,248,0,1,0,0.0,0.0,0.0,1.0,0.0,1
D:/fivekdataset_big/input/train/a0250-IMG_5079.tif,249,1,0,0,0.0,1.0,0.0,1.0,0.0,5
D:/fivekdataset_big/input/train/a0251-DSC_0061-2.tif,250,1,0,0,0.0,0.0,0.0,1.0,0.0,0
D:/fivekdataset_big/input/train/a0252-jmac_DSC3250.tif,251,0,1,0,0.0,1.0,0.0,1.0,0.0,3
D:/fivekdataset_big/input/train/a0253-kme_194.tif,252,0,1,0,0.0,0.0,0.0,1.0,0.0,1
D:/fivekdataset_big/input/train/a0254-JI2E3561.tif,253,1,0,0,1.0,0.0,0.0,1.0,0.0,4
D:/fivekdataset_big/input/train/a0255-_DSC1448.tif,254,0,0,1,1.0,1.0,0.0,1.0,0.0,2
D:/fivekdataset_big/input/train/a0256-LS051026_day_2_arive51.tif,255,1,0,0,0.0,1.0,0.0,1.0,0.0,5
D:/fivekdataset_big/input/train/a0257-kme_118.tif,256,1,0,0,0.0,0.0,0.0,1.0,0.0,0
D:/fivekdataset_big/input/train/a0258-kme_598.tif,257,0,1,0,1.0,1.0,0.0,0.0,0.0,3
D:/fivekdataset_big/input/train/a0259-dvf_029.tif,258,1,0,0,1.0,0.0,0.0,1.0,0.0,4
D:/fivekdataset_big/input/train/a0260-IMG_3434.tif,259,0,1,0,0.0,0.0,0.0,1.0,1.0,1
D:/fivekdataset_big/input/train/a0261-_DSC2228.tif,260,0,1,0,0.0,1.0,0.0,1.0,0.0,3
D:/fivekdataset_big/input/train/a0262-JI2E4358.tif,261,1,0,0,0.0,0.0,0.0,1.0,0.0,0
D:/fivekdataset_big/input/train/a0263-07-11-20-at-16h57m56s-_MG_5753.tif,262,1,0,0,0.0,1.0,0.0,1.0,0.0,5
D:/fivekdataset_big/input/train/a0264-KE_-0094.tif,263,0,1,0,0.0,1.0,1.0,0.0,0.0,3
D:/fivekdataset_big/input/train/a0265-kme_067.tif,264,1,0,0,0.0,1.0,0.0,1.0,0.0,5
D:/fivekdataset_big/input/train/a0266-_DSC0297.tif,265,1,0,0,0.0,0.0,0.0,1.0,0.0,0
D:/fivekdataset_big/input/train/a0267-NKIM_115.tif,266,0,0,1,1.0,0.0,0.0,1.0,0.0,-1
D:/fivekdataset_big/input/train/a0268-_DSC0059.tif,267,1,0,0,0.0,1.0,1.0,1.0,0.0,5
D:/fivekdataset_big/input/train/a0269-JI2E4569.tif,268,1,0,0,0.0,0.0,0.0,1.0,0.0,0
D:/fivekdataset_big/input/train/a0270-JI2E3556.tif,269,0,1,0,1.0,0.0,0.0,1.0,0.0,-1
D:/fivekdataset_big/input/train/a0271-KE_-0005.tif,270,0,1,0,1.0,0.0,0.0,1.0,0.0,-1
D:/fivekdataset_big/input/train/a0272-050703_183414__I2E9359.tif,271,0,1,0,1.0,1.0,0.0,0.0,0.0,3
D:/fivekdataset_big/input/train/a0273-kme_295.tif,272,1,0,0,1.0,0.0,0.0,1.0,0.0,4
D:/fivekdataset_big/input/train/a0274-_DSC6439.tif,273,0,1,0,0.0,0.0,0.0,1.0,0.0,1
D:/fivekdataset_big/input/train/a0275-07-11-24-at-16h27m12s-_MG_6758.tif,274,0,1,0,0.0,1.0,0.0,1.0,0.0,3
D:/fivekdataset_big/input/train/a0276-IMG_0047.tif,275,0,1,0,0.0,1.0,0.0,1.0,0.0,3
D:/fivekdataset_big/input/train/a0277-WP_CRW_9568.tif,276,0,1,0,1.0,1.0,0.0,1.0,0.0,3
D:/fivekdataset_big/input/train/a0278-Ja_Pe-11.tif,277,1,0,0,1.0,0.0,0.0,1.0,0.0,4
D:/fivekdataset_big/input/train/a0279-_DSC4586.tif,278,0,0,1,0.0,0.0,0.0,1.0,0.0,-1
D:/fivekdataset_big/input/train/a0280-IMG_0854.tif,279,0,1,0,0.0,0.0,0.0,1.0,0.0,1
D:/fivekdataset_big/input/train/a0281-NKIM_MG_6162.tif,280,1,0,0,0.0,0.0,0.0,1.0,0.0,0
D:/fivekdataset_big/input/train/a0282-20060619_125715__MG_9197.tif,281,0,0,1,1.0,0.0,0.0,1.0,0.0,-1
D:/fivekdataset_big/input/train/a0283-jn_20071207_Xmas_House_0121.tif,282,1,0,0,0.0,0.0,0.0,1.0,0.0,0
D:/fivekdataset_big/input/train/a0284-NKIM_MG_6192.tif,283,1,0,0,0.0,0.0,0.0,1.0,0.0,0
D:/fivekdataset_big/input/train/a0285-IMG_2044.tif,284,1,0,0,0.0,0.0,0.0,1.0,0.0,0
D:/fivekdataset_big/input/train/a0286-006hunwed.tif,285,0,0,1,0.0,0.0,0.0,1.0,0.0,-1
D:/fivekdataset_big/input/train/a0287-050703_084540__I2E9191.tif,286,0,1,0,0.0,0.0,0.0,1.0,0.0,1
D:/fivekdataset_big/input/train/a0288-MB_060311_030.tif,287,0,1,0,0.0,0.0,0.0,1.0,0.0,1
D:/fivekdataset_big/input/train/a0289-kme_504.tif,288,0,1,0,0.0,0.0,0.0,1.0,0.0,1
D:/fivekdataset_big/input/train/a0290-IMG_2741.tif,289,1,0,0,0.0,0.0,0.0,1.0,0.0,0
D:/fivekdataset_big/input/train/a0291-IMG_0115.tif,290,1,0,0,0.0,1.0,1.0,0.0,0.0,5
D:/fivekdataset_big/input/train/a0292-dgw_086.tif,291,0,1,0,1.0,0.0,0.0,1.0,0.0,-1
D:/fivekdataset_big/input/train/a0293-DSC_0012-2.tif,292,1,0,0,1.0,0.0,0.0,1.0,0.0,4
D:/fivekdataset_big/input/train/a0294-20041221_192326_CRW_5437.tif,293,1,0,0,0.0,1.0,0.0,1.0,0.0,5
D:/fivekdataset_big/input/train/a0295-Ja_Pe-57.tif,294,1,0,0,1.0,1.0,0.0,1.0,0.0,4
D:/fivekdataset_big/input/train/a0296-kme_440.tif,295,0,0,1,1.0,1.0,0.0,0.0,0.0,2
D:/fivekdataset_big/input/train/a0297-kme_049.tif,296,0,1,0,0.0,0.0,0.0,1.0,0.0,1
D:/fivekdataset_big/input/train/a0298-IMG_5043.tif,297,0,1,0,0.0,0.0,1.0,1.0,0.0,1
D:/fivekdataset_big/input/train/a0299-KE_-2376.tif,298,1,0,0,1.0,0.0,0.0,1.0,0.0,4
D:/fivekdataset_big/input/train/a0300-jmac_DSC2549.tif,299,1,0,0,0.0,1.0,0.0,1.0,0.0,5
D:/fivekdataset_big/input/train/a0301-IMG_4669.tif,300,0,0,1,0.0,1.0,0.0,1.0,1.0,-1
D:/fivekdataset_big/input/train/a0302-IMG_4108.tif,301,1,0,0,1.0,0.0,0.0,1.0,0.0,4
D:/fivekdataset_big/input/train/a0303-NKIM_116.tif,302,1,0,0,0.0,0.0,0.0,1.0,0.0,0
D:/fivekdataset_big/input/train/a0304-dgw_137.tif,303,0,0,1,1.0,0.0,0.0,1.0,1.0,-1
D:/fivekdataset_big/input/train/a0305-CRW_0278.tif,304,0,1,0,0.0,1.0,0.0,1.0,0.0,3
D:/fivekdataset_big/input/train/a0306-WP_CRW_0752.tif,305,0,1,0,1.0,0.0,1.0,0.0,0.0,-1
D:/fivekdataset_big/input/train/a0307-IMG_0299.tif,306,1,0,0,1.0,1.0,0.0,1.0,0.0,4
D:/fivekdataset_big/input/train/a0308-jmac_DSC3379.tif,307,0,1,0,0.0,1.0,0.0,0.0,0.0,3
D:/fivekdataset_big/input/train/a0309-jmac_MG_4806.tif,308,1,0,0,1.0,0.0,0.0,1.0,0.0,4
D:/fivekdataset_big/input/train/a0310-IMG_1898.tif,309,1,0,0,0.0,0.0,0.0,1.0,0.0,0
D:/fivekdataset_big/input/train/a0311-jmac_MG_0128.tif,310,1,0,0,1.0,0.0,0.0,1.0,0.0,4
D:/fivekdataset_big/input/train/a0312-_DSC5579.tif,311,0,1,0,0.0,0.0,0.0,1.0,0.0,1
D:/fivekdataset_big/input/train/a0313-_MG_7253.tif,312,0,1,0,0.0,0.0,0.0,1.0,0.0,1
D:/fivekdataset_big/input/train/a0314-IMG_4170.tif,313,1,0,0,1.0,0.0,0.0,1.0,0.0,4
D:/fivekdataset_big/input/train/a0315-DSC_0112.tif,314,1,0,0,0.0,1.0,0.0,1.0,0.0,5
D:/fivekdataset_big/input/train/a0316-LS051026_day_10_LL013.tif,315,1,0,0,0.0,0.0,0.0,1.0,0.0,0
D:/fivekdataset_big/input/train/a0317-IMG_0647.tif,316,0,1,0,1.0,0.0,0.0,1.0,0.0,-1
D:/fivekdataset_big/input/train/a0318-IMG_4318.tif,317,1,0,0,0.0,0.0,0.0,1.0,0.0,0
D:/fivekdataset_big/input/train/a0319-kme_344.tif,318,0,1,0,0.0,1.0,0.0,0.0,0.0,3
D:/fivekdataset_big/input/train/a0320-Ja_Pe-13.tif,319,1,0,0,0.0,0.0,0.0,1.0,0.0,0
D:/fivekdataset_big/input/train/a0321-KE_-0010.tif,320,1,0,0,1.0,0.0,0.0,1.0,0.0,4
D:/fivekdataset_big/input/train/a0322-kme_016.tif,321,0,1,0,0.0,0.0,0.0,1.0,0.0,1
D:/fivekdataset_big/input/train/a0323-07-06-27-at-13h56m27s-_MG_1782.tif,322,1,0,0,0.0,0.0,0.0,1.0,0.0,0
D:/fivekdataset_big/input/train/a0324-WP_CRW_4941.tif,323,0,1,0,0.0,0.0,0.0,1.0,1.0,1
D:/fivekdataset_big/input/train/a0325-IMG_3340.tif,324,1,0,0,1.0,0.0,0.0,1.0,0.0,4
D:/fivekdataset_big/input/train/a0326-jmac_MG_7785.tif,325,0,0,1,0.0,0.0,0.0,1.0,0.0,-1
D:/fivekdataset_big/input/train/a0327-LSYD4O0579.tif,326,1,0,0,0.0,1.0,0.0,1.0,0.0,5
D:/fivekdataset_big/input/train/a0328-kme_248.tif,327,1,0,0,0.0,1.0,0.0,1.0,0.0,5
D:/fivekdataset_big/input/train/a0329-_MG_1830.tif,328,1,0,0,1.0,1.0,0.0,1.0,0.0,4
D:/fivekdataset_big/input/train/a0330-IMG_4328.tif,329,0,0,1,0.0,0.0,0.0,1.0,0.0,-1
D:/fivekdataset_big/input/train/a0331-MB_20030906_035.tif,330,0,1,0,0.0,1.0,0.0,1.0,0.0,3
D:/fivekdataset_big/input/train/a0332-IMG_0010.tif,331,1,0,0,1.0,0.0,0.0,1.0,0.0,4
D:/fivekdataset_big/input/train/a0333-IMG_0661.tif,332,0,1,0,0.0,1.0,1.0,0.0,0.0,3
D:/fivekdataset_big/input/train/a0334-IMG_3423.tif,333,1,0,0,1.0,0.0,0.0,0.0,0.0,4
D:/fivekdataset_big/input/train/a0335-jmac_MG_6437.tif,334,1,0,0,1.0,0.0,0.0,1.0,0.0,4
D:/fivekdataset_big/input/train/a0336-07-08-11-at-16h57m13s-_MG_3305.tif,335,0,1,0,0.0,0.0,0.0,1.0,0.0,1
D:/fivekdataset_big/input/train/a0337-tc_DSC1898.tif,336,1,0,0,0.0,0.0,0.0,1.0,0.0,0
D:/fivekdataset_big/input/train/a0338-WP_CRW_9580.tif,337,0,0,1,1.0,0.0,0.0,0.0,0.0,-1
D:/fivekdataset_big/input/train/a0339-IMG_0111.tif,338,1,0,0,0.0,0.0,0.0,1.0,0.0,0
D:/fivekdataset_big/input/train/a0340-kme_373.tif,339,1,0,0,0.0,0.0,0.0,1.0,0.0,0
D:/fivekdataset_big/input/train/a0341-dgw_002.tif,340,0,0,1,1.0,0.0,0.0,1.0,0.0,-1
D:/fivekdataset_big/input/train/a0342-JI2E5527.tif,341,0,1,0,1.0,1.0,0.0,1.0,0.0,3
D:/fivekdataset_big/input/train/a0343-tc_DSC4155.tif,342,0,0,1,1.0,1.0,0.0,1.0,0.0,2
D:/fivekdataset_big/input/train/a0344-DSC_0009.tif,343,1,0,0,1.0,0.0,0.0,1.0,0.0,4
D:/fivekdataset_big/input/train/a0345-IMG_3353.tif,344,1,0,0,0.0,0.0,1.0,1.0,0.0,0
D:/fivekdataset_big/input/train/a0346-051007_162030__I2E8864.tif,345,1,0,0,1.0,0.0,0.0,1.0,0.0,4
D:/fivekdataset_big/input/train/a0347-07-08-11-at-18h17m09s-N0000221.tif,346,0,0,1,0.0,1.0,0.0,1.0,0.0,-1
D:/fivekdataset_big/input/train/a0348-07-07-07-at-09h42m42s-_MG_2151.tif,347,0,0,1,1.0,1.0,0.0,1.0,1.0,2
D:/fivekdataset_big/input/train/a0349-jn_20081025_Kent_Shelter_068.tif,348,1,0,0,0.0,1.0,0.0,1.0,0.0,5
D:/fivekdataset_big/input/train/a0350-_DSC2622.tif,349,1,0,0,0.0,0.0,0.0,1.0,0.0,0
D:/fivekdataset_big/input/train/a0351-MB_070908_006.tif,350,0,0,1,0.0,1.0,0.0,1.0,0.0,-1
D:/fivekdataset_big/input/train/a0352-IMG_4026.tif,351,1,0,0,1.0,1.0,0.0,1.0,0.0,4
D:/fivekdataset_big/input/train/a0353-dvf_049.tif,352,0,0,1,1.0,1.0,0.0,0.0,0.0,2
D:/fivekdataset_big/input/train/a0354-07-07-17-at-23h28m36s-_MG_2372.tif,353,0,1,0,1.0,1.0,0.0,1.0,0.0,3
D:/fivekdataset_big/input/train/a0355-jmac_DSC2202.tif,354,0,1,0,0.0,1.0,1.0,1.0,0.0,3
D:/fivekdataset_big/input/train/a0356-07-11-26-at-16h05m54s-_MG_7171.tif,355,1,0,0,0.0,0.0,0.0,1.0,0.0,0
D:/fivekdataset_big/input/train/a0357-NKIM_030.tif,356,0,0,1,1.0,1.0,0.0,1.0,0.0,2
D:/fivekdataset_big/input/train/a0358-MB_080329_074.tif,357,0,0,1,0.0,0.0,0.0,1.0,0.0,-1
D:/fivekdataset_big/input/train/a0359-IMG_4821.tif,358,1,0,0,0.0,0.0,0.0,1.0,0.0,0
D:/fivekdataset_big/input/train/a0360-JI2E3509.tif,359,1,0,0,1.0,0.0,0.0,1.0,0.0,4
D:/fivekdataset_big/input/train/a0361-IMG_4566.tif,360,0,1,0,1.0,1.0,0.0,1.0,0.0,3
D:/fivekdataset_big/input/train/a0362-IMG_5005.tif,361,0,1,0,0.0,0.0,0.0,1.0,0.0,1
D:/fivekdataset_big/input/train/a0363-IMG_1431.tif,362,0,1,0,0.0,1.0,0.0,0.0,0.0,3
D:/fivekdataset_big/input/train/a0364-LS20050429d650001.tif,363,1,0,0,0.0,0.0,0.0,1.0,0.0,0
D:/fivekdataset_big/input/train/a0365-jn_2007_05_09__516.tif,364,1,0,0,0.0,0.0,0.0,1.0,0.0,0
D:/fivekdataset_big/input/train/a0366-kme_378.tif,365,1,0,0,0.0,0.0,0.0,1.0,0.0,0
D:/fivekdataset_big/input/train/a0367-IMG_0338.tif,366,0,1,0,0.0,1.0,0.0,0.0,0.0,3
D:/fivekdataset_big/input/train/a0368-kme_022.tif,367,0,1,0,0.0,0.0,0.0,1.0,0.0,1
D:/fivekdataset_big/input/train/a0369-kme_136.tif,368,1,0,0,1.0,0.0,1.0,1.0,0.0,4
D:/fivekdataset_big/input/train/a0370-JI2E4435.tif,369,1,0,0,0.0,1.0,0.0,1.0,0.0,5
D:/fivekdataset_big/input/train/a0371-IMG_4770.tif,370,0,1,0,0.0,0.0,0.0,1.0,0.0,1
D:/fivekdataset_big/input/train/a0372-WP_CRW_6207.tif,371,1,0,0,0.0,0.0,0.0,1.0,0.0,0
D:/fivekdataset_big/input/train/a0373-IMG_4954.tif,372,0,1,0,1.0,1.0,0.0,1.0,0.0,3
D:/fivekdataset_big/input/train/a0374-IMG_4326.tif,373,0,0,1,0.0,0.0,0.0,1.0,0.0,2
D:/fivekdataset_big/input/train/a0375-IMG_2700.tif,374,1,0,0,1.0,0.0,0.0,1.0,0.0,4
D:/fivekdataset_big/input/train/a0376-IMG_4189.tif,375,1,0,0,0.0,0.0,0.0,1.0,0.0,0
D:/fivekdataset_big/input/train/a0377-IMG_3486.tif,376,1,0,0,0.0,0.0,0.0,1.0,1.0,0
D:/fivekdataset_big/input/train/a0378-_DGW6391.tif,377,0,1,0,0.0,0.0,0.0,1.0,0.0,1
D:/fivekdataset_big/input/train/a0379-kme_397.tif,378,0,0,1,0.0,0.0,0.0,1.0,0.0,-1
D:/fivekdataset_big/input/train/a0380-kme_294.tif,379,1,0,0,0.0,0.0,1.0,1.0,0.0,0
D:/fivekdataset_big/input/train/a0381-20070929_134540__MG_0110.tif,380,0,1,0,0.0,0.0,0.0,1.0,0.0,1
D:/fivekdataset_big/input/train/a0382-kme_573.tif,381,1,0,0,0.0,1.0,1.0,0.0,0.0,5
D:/fivekdataset_big/input/train/a0383-MB_060909_028.tif,382,0,1,0,1.0,0.0,0.0,1.0,0.0,1
D:/fivekdataset_big/input/train/a0384-060819_065910__M6A0015.tif,383,1,0,0,0.0,0.0,0.0,1.0,0.0,0
D:/fivekdataset_big/input/train/a0385-Ja_Pe-39.tif,384,0,1,0,0.0,1.0,0.0,1.0,0.0,3
D:/fivekdataset_big/input/train/a0386-jmac_MG_0520.tif,385,1,0,0,0.0,1.0,0.0,0.0,0.0,5
D:/fivekdataset_big/input/train/a0387-IMG_3388.tif,386,0,1,0,0.0,1.0,0.0,1.0,0.0,3
D:/fivekdataset_big/input/train/a0388-IMG_1637.tif,387,0,0,1,0.0,1.0,0.0,1.0,0.0,2
D:/fivekdataset_big/input/train/a0389-KE_-0026.tif,388,1,0,0,0.0,1.0,0.0,1.0,0.0,5
D:/fivekdataset_big/input/train/a0390-NKIM_MG_3126.tif,389,0,0,1,1.0,0.0,0.0,1.0,0.0,2
D:/fivekdataset_big/input/train/a0391-IMG_4305.tif,390,0,0,1,0.0,0.0,0.0,1.0,0.0,2
D:/fivekdataset_big/input/train/a0392-_DGW6346.tif,391,1,0,0,0.0,0.0,0.0,1.0,0.0,0
D:/fivekdataset_big/input/train/a0393-_DSC0040.tif,392,1,0,0,0.0,1.0,0.0,0.0,0.0,5
D:/fivekdataset_big/input/train/a0394-DSC_0001.tif,393,0,1,0,0.0,0.0,0.0,1.0,0.0,1
D:/fivekdataset_big/input/train/a0395-IMG_1268.tif,394,1,0,0,1.0,0.0,1.0,1.0,0.0,4
D:/fivekdataset_big/input/train/a0396-jn_20080802_0011.tif,395,1,0,0,0.0,0.0,0.0,1.0,0.0,0
D:/fivekdataset_big/input/train/a0397-jn_2007_05_05__241.tif,396,1,0,0,0.0,1.0,0.0,0.0,0.0,5
D:/fivekdataset_big/input/train/a0398-IMG_5829.tif,397,0,1,0,0.0,1.0,1.0,1.0,0.0,3
D:/fivekdataset_big/input/train/a0399-kme_200.tif,398,0,1,0,0.0,1.0,1.0,1.0,0.0,3
D:/fivekdataset_big/input/train/a0400-NKIM_MG_8342.tif,399,1,0,0,0.0,1.0,0.0,1.0,0.0,5
D:/fivekdataset_big/input/train/a0401-kme_189.tif,400,1,0,0,1.0,0.0,0.0,1.0,0.0,4
D:/fivekdataset_big/input/train/a0402-IMG_4055.tif,401,0,0,1,1.0,0.0,0.0,1.0,0.0,2
D:/fivekdataset_big/input/train/a0403-IMG_0076.tif,402,1,0,0,0.0,1.0,1.0,1.0,0.0,5
D:/fivekdataset_big/input/train/a0404-DSC_0029-2.tif,403,0,0,1,1.0,0.0,0.0,1.0,0.0,2
D:/fivekdataset_big/input/train/a0405-kme_497.tif,404,0,1,0,0.0,0.0,0.0,1.0,0.0,1
D:/fivekdataset_big/input/train/a0406-_MG_7943.tif,405,1,0,0,0.0,0.0,0.0,1.0,0.0,0
D:/fivekdataset_big/input/train/a0407-IMG_8270.tif,406,0,0,1,0.0,0.0,0.0,1.0,0.0,2
D:/fivekdataset_big/input/train/a0408-Ja_Pe-95.tif,407,0,1,0,0.0,0.0,0.0,1.0,0.0,1
D:/fivekdataset_big/input/train/a0409-_MG_0111.tif,408,1,0,0,0.0,0.0,0.0,1.0,0.0,0
D:/fivekdataset_big/input/train/a0410-jmac_DSC2754.tif,409,0,1,0,0.0,0.0,0.0,1.0,0.0,1
D:/fivekdataset_big/input/train/a0411-07-11-21-at-13h12m13s-_MG_5935.tif,410,1,0,0,0.0,0.0,0.0,1.0,0.0,0
D:/fivekdataset_big/input/train/a0412-_DGW6297.tif,411,1,0,0,0.0,0.0,0.0,1.0,0.0,0
D:/fivekdataset_big/input/train/a0413-MB_20050123_033.tif,412,0,0,1,1.0,0.0,0.0,1.0,0.0,2
D:/fivekdataset_big/input/train/a0414-IMG_7164.tif,413,0,0,1,1.0,0.0,0.0,1.0,0.0,2
D:/fivekdataset_big/input/train/a0415-IMG_0120.tif,414,0,0,1,0.0,1.0,0.0,1.0,0.0,2
D:/fivekdataset_big/input/train/a0416-IMG_2389.tif,415,0,1,0,1.0,0.0,0.0,1.0,0.0,1
D:/fivekdataset_big/input/train/a0417-IMG_3345.tif,416,1,0,0,0.0,0.0,0.0,1.0,0.0,0
D:/fivekdataset_big/input/train/a0418-07-11-19-at-13h26m20s-_MG_5018.tif,417,1,0,0,0.0,1.0,0.0,1.0,0.0,5
D:/fivekdataset_big/input/train/a0419-DSC_0008.tif,418,0,0,1,0.0,1.0,0.0,1.0,0.0,2
D:/fivekdataset_big/input/train/a0420-KE_-1536.tif,419,1,0,0,0.0,1.0,0.0,0.0,0.0,5
D:/fivekdataset_big/input/train/a0421-_DGW6279.tif,420,0,0,1,0.0,1.0,0.0,1.0,0.0,2
D:/fivekdataset_big/input/train/a0422-054hunwed.tif,421,1,0,0,0.0,0.0,0.0,1.0,0.0,0
D:/fivekdataset_big/input/train/a0423-07-06-02-at-07h35m36-s_MG_1355.tif,422,0,0,1,0.0,0.0,0.0,1.0,0.0,2
D:/fivekdataset_big/input/train/a0424-kme_009.tif,423,0,1,0,0.0,0.0,0.0,1.0,0.0,1
D:/fivekdataset_big/input/train/a0425-060818_145522__Z9B2601.tif,424,0,1,0,0.0,0.0,0.0,1.0,0.0,1
D:/fivekdataset_big/input/train/a0426-jmac_DSC4298.tif,425,0,1,0,0.0,0.0,0.0,1.0,0.0,1
D:/fivekdataset_big/input/train/a0427-051007_182146_GM6A8996.tif,426,1,0,0,0.0,0.0,0.0,1.0,0.0,0
D:/fivekdataset_big/input/train/a0428-IMG_5032.tif,427,1,0,0,1.0,1.0,1.0,0.0,0.0,4
D:/fivekdataset_big/input/train/a0429-_78U7703.tif,428,1,0,0,1.0,0.0,0.0,1.0,0.0,4
D:/fivekdataset_big/input/train/a0430-kme_065.tif,429,0,1,0,0.0,0.0,0.0,1.0,0.0,1
D:/fivekdataset_big/input/train/a0431-_DSC9183.tif,430,0,0,1,0.0,0.0,0.0,1.0,0.0,2
D:/fivekdataset_big/input/train/a0432-IMG_4895.tif,431,0,0,1,1.0,0.0,0.0,0.0,1.0,2
D:/fivekdataset_big/input/train/a0433-dgw_008.tif,432,1,0,0,1.0,0.0,0.0,1.0,0.0,4
D:/fivekdataset_big/input/train/a0434-IMG_3559.tif,433,0,0,1,0.0,1.0,0.0,1.0,0.0,2
D:/fivekdataset_big/input/train/a0435-IMG_0064.tif,434,1,0,0,0.0,1.0,0.0,1.0,0.0,5
D:/fivekdataset_big/input/train/a0436-IMG_2583.tif,435,0,1,0,0.0,0.0,0.0,1.0,0.0,1
D:/fivekdataset_big/input/train/a0437-jmacDSC_0011.tif,436,1,0,0,0.0,0.0,0.0,1.0,0.0,0
D:/fivekdataset_big/input/train/a0438-jn_20071005_0014.tif,437,1,0,0,0.0,0.0,0.0,1.0,0.0,0
D:/fivekdataset_big/input/train/a0439-tc_DSC1855.tif,438,0,1,0,0.0,0.0,0.0,1.0,0.0,1
D:/fivekdataset_big/input/train/a0440-MB_070520_107.tif,439,0,0,1,0.0,0.0,0.0,1.0,1.0,2
D:/fivekdataset_big/input/train/a0441-jmac_MG_5386.tif,440,0,0,1,1.0,0.0,0.0,1.0,0.0,2
D:/fivekdataset_big/input/train/a0442-jmac_MG_1461.tif,441,0,0,1,0.0,1.0,0.0,1.0,0.0,2
D:/fivekdataset_big/input/train/a0443-IMG_2907.tif,442,0,0,1,0.0,0.0,0.0,1.0,0.0,2
D:/fivekdataset_big/input/train/a0444-kme_492.tif,443,1,0,0,1.0,0.0,0.0,1.0,1.0,4
D:/fivekdataset_big/input/train/a0445-jmac_DSC0657.tif,444,0,1,0,0.0,0.0,0.0,1.0,0.0,1
D:/fivekdataset_big/input/train/a0446-jn_20071027_StormClouds_0009.tif,445,0,0,1,0.0,0.0,0.0,1.0,0.0,2
D:/fivekdataset_big/input/train/a0447-Ja_Pe-49.tif,446,0,1,0,0.0,0.0,0.0,1.0,0.0,1
D:/fivekdataset_big/input/train/a0448-IMG_3809.tif,447,0,0,1,1.0,1.0,0.0,1.0,0.0,2
D:/fivekdataset_big/input/train/a0449-IMG_4461.tif,448,0,1,0,0.0,0.0,0.0,1.0,0.0,1
D:/fivekdataset_big/input/train/a0450-20061111_144844__E6B5666.tif,449,1,0,0,0.0,0.0,0.0,1.0,0.0,0
D:/fivekdataset_big/input/train/a0451-Ja_Pe-73.tif,450,0,1,0,1.0,0.0,0.0,1.0,0.0,1
D:/fivekdataset_big/input/train/a0452-IMG_1646.tif,451,0,0,1,1.0,1.0,0.0,1.0,0.0,2
D:/fivekdataset_big/input/train/a0453-DSC_0025.tif,452,1,0,0,0.0,0.0,0.0,1.0,0.0,0
D:/fivekdataset_big/input/train/a0454-08-05-25-at-12h33m47s-_MG_9489.tif,453,0,1,0,1.0,1.0,0.0,1.0,0.0,3
D:/fivekdataset_big/input/train/a0455-_DSC4605.tif,454,0,0,1,0.0,1.0,0.0,1.0,0.0,2
D:/fivekdataset_big/input/train/a0456-kme_113.tif,455,0,1,0,0.0,1.0,0.0,1.0,0.0,3
D:/fivekdataset_big/input/train/a0457-NKIM_099.tif,456,0,0,1,1.0,1.0,0.0,1.0,0.0,2
D:/fivekdataset_big/input/train/a0458-dvf_056.tif,457,0,1,0,0.0,0.0,0.0,1.0,0.0,1
D:/fivekdataset_big/input/train/a0459-jmac_MG_0866.tif,458,0,1,0,0.0,0.0,0.0,1.0,0.0,1
D:/fivekdataset_big/input/train/a0460-IMG_5839.tif,459,0,0,1,1.0,1.0,0.0,0.0,0.0,2
D:/fivekdataset_big/input/train/a0461-IMG_4232.tif,460,1,0,0,0.0,0.0,0.0,1.0,0.0,0
D:/fivekdataset_big/input/train/a0462-jn_20080928_088.tif,461,1,0,0,0.0,0.0,0.0,1.0,0.0,0
D:/fivekdataset_big/input/train/a0463-jmac_DSC2316.tif,462,1,0,0,0.0,0.0,0.0,1.0,0.0,0
D:/fivekdataset_big/input/train/a0464-NKIM_130.tif,463,1,0,0,0.0,0.0,0.0,1.0,0.0,0
D:/fivekdataset_big/input/train/a0465-dvf_066.tif,464,0,1,0,0.0,1.0,0.0,1.0,0.0,3
D:/fivekdataset_big/input/train/a0466-_DSC5415.tif,465,0,0,1,1.0,0.0,0.0,1.0,0.0,2
D:/fivekdataset_big/input/train/a0467-IMG_4514.tif,466,0,1,0,0.0,0.0,0.0,1.0,0.0,1
D:/fivekdataset_big/input/train/a0468-DSC_0100-2.tif,467,1,0,0,1.0,1.0,0.0,1.0,0.0,4
D:/fivekdataset_big/input/train/a0469-NKIM_103.tif,468,0,0,1,1.0,1.0,0.0,1.0,0.0,2
D:/fivekdataset_big/input/train/a0470-_MG_7801.tif,469,1,0,0,1.0,1.0,0.0,1.0,0.0,4
D:/fivekdataset_big/input/train/a0471-IMG_2901.tif,470,1,0,0,0.0,0.0,0.0,1.0,0.0,0
D:/fivekdataset_big/input/train/a0472-MB_040506_010.tif,471,1,0,0,0.0,0.0,0.0,1.0,0.0,0
D:/fivekdataset_big/input/train/a0473-LS051026_day_3_arrive08.tif,472,0,1,0,0.0,0.0,0.0,1.0,0.0,1
D:/fivekdataset_big/input/train/a0474-IMG_0036.tif,473,1,0,0,0.0,0.0,0.0,1.0,0.0,0
D:/fivekdataset_big/input/train/a0475-MB_20030906_026.tif,474,0,1,0,0.0,1.0,0.0,1.0,0.0,3
D:/fivekdataset_big/input/train/a0476-_DSC6400.tif,475,0,1,0,0.0,0.0,0.0,1.0,0.0,1
D:/fivekdataset_big/input/train/a0477-jn_2007_05_05__239.tif,476,1,0,0,0.0,0.0,0.0,1.0,0.0,0
D:/fivekdataset_big/input/train/a0478-dgw_014.tif,477,1,0,0,0.0,1.0,0.0,1.0,0.0,5
D:/fivekdataset_big/input/train/a0479-WP_CRW_7999.tif,478,1,0,0,1.0,0.0,0.0,1.0,0.0,4
D:/fivekdataset_big/input/train/a0480-jmac_MG_0549.tif,479,0,1,0,1.0,0.0,0.0,1.0,0.0,1
D:/fivekdataset_big/input/train/a0481-050701_141420__MG_3396.tif,480,0,0,1,1.0,1.0,0.0,1.0,0.0,2
D:/fivekdataset_big/input/train/a0482-NKIM_MG_6625.tif,481,0,0,1,1.0,0.0,0.0,1.0,0.0,2
D:/fivekdataset_big/input/train/a0483-WP_CRW_0259.tif,482,1,0,0,0.0,0.0,0.0,1.0,0.0,0
D:/fivekdataset_big/input/train/a0484-_DGW6359.tif,483,1,0,0,0.0,0.0,0.0,1.0,0.0,0
D:/fivekdataset_big/input/train/a0485-kme_021.tif,484,1,0,0,0.0,0.0,0.0,1.0,0.0,0
D:/fivekdataset_big/input/train/a0486-jmac_MG_0791.tif,485,1,0,0,0.0,0.0,0.0,1.0,0.0,0
D:/fivekdataset_big/input/train/a0487-_DSC5455.tif,486,0,1,0,0.0,1.0,0.0,1.0,0.0,3
D:/fivekdataset_big/input/train/a0488-jmac_MG_1405.tif,487,1,0,0,0.0,1.0,0.0,0.0,0.0,5
D:/fivekdataset_big/input/train/a0489-_MG_1615.tif,488,1,0,0,0.0,1.0,0.0,1.0,0.0,5
D:/fivekdataset_big/input/train/a0490-dvf_093.tif,489,0,0,1,0.0,1.0,1.0,1.0,0.0,2
D:/fivekdataset_big/input/train/a0491-2004-07-29+14-32-56+CRW_3077.tif,490,1,0,0,1.0,1.0,0.0,1.0,0.0,4
D:/fivekdataset_big/input/train/a0492-20061222_123303__E6B6057.tif,491,0,1,0,1.0,0.0,0.0,1.0,0.0,1
D:/fivekdataset_big/input/train/a0493-_DSC0157.tif,492,1,0,0,1.0,0.0,0.0,1.0,0.0,4
D:/fivekdataset_big/input/train/a0494-IMG_8262.tif,493,0,0,1,1.0,0.0,0.0,1.0,0.0,2
D:/fivekdataset_big/input/train/a0495-WP_CRW_9591.tif,494,0,0,1,1.0,0.0,0.0,1.0,0.0,2
D:/fivekdataset_big/input/train/a0496-WP_CRW_0462.tif,495,0,1,0,1.0,0.0,0.0,1.0,0.0,1
D:/fivekdataset_big/input/train/a0497-kme_479.tif,496,1,0,0,1.0,0.0,0.0,1.0,0.0,4
D:/fivekdataset_big/input/train/a0498-jn_2007_05_08__464.tif,497,1,0,0,0.0,0.0,0.0,1.0,0.0,0
D:/fivekdataset_big/input/train/a0499-_DSC0086.tif,498,1,0,0,1.0,1.0,0.0,1.0,0.0,4
D:/fivekdataset_big/input/train/a0500-IMG_4769.tif,499,1,0,0,0.0,0.0,1.0,1.0,0.0,0
D:/fivekdataset_big/input/train/a0501-_MG_7370.tif,500,0,1,0,0.0,1.0,0.0,1.0,0.0,3
D:/fivekdataset_big/input/train/a0502-JI2E4143.tif,501,0,1,0,0.0,0.0,0.0,1.0,0.0,1
D:/fivekdataset_big/input/train/a0503-jmac_DSC3712.tif,502,1,0,0,0.0,0.0,0.0,1.0,0.0,0
D:/fivekdataset_big/input/train/a0504-jmacIMG_6809.tif,503,0,1,0,0.0,0.0,0.0,1.0,0.0,1
D:/fivekdataset_big/input/train/a0505-kme_566.tif,504,0,1,0,0.0,1.0,0.0,1.0,0.0,3
D:/fivekdataset_big/input/train/a0506-kme_313.tif,505,1,0,0,0.0,1.0,1.0,0.0,0.0,5
D:/fivekdataset_big/input/train/a0507-kme_486.tif,506,1,0,0,1.0,1.0,0.0,1.0,1.0,4
D:/fivekdataset_big/input/train/a0508-DSC_0010-3.tif,507,1,0,0,0.0,0.0,0.0,1.0,0.0,0
D:/fivekdataset_big/input/train/a0509-DSC_0030-2.tif,508,1,0,0,0.0,1.0,0.0,1.0,0.0,5
D:/fivekdataset_big/input/train/a0510-_DGW6409.tif,509,0,1,0,1.0,0.0,0.0,1.0,0.0,1
D:/fivekdataset_big/input/train/a0511-LS20050429d650013.tif,510,1,0,0,0.0,0.0,0.0,1.0,0.0,0
D:/fivekdataset_big/input/train/a0512-_MG_1623.tif,511,0,0,1,1.0,1.0,0.0,1.0,0.0,2
D:/fivekdataset_big/input/train/a0513-WP_CRW_9545.tif,512,1,0,0,1.0,1.0,0.0,1.0,0.0,4
D:/fivekdataset_big/input/train/a0514-jmac_MG_7749.tif,513,0,0,1,0.0,1.0,0.0,1.0,0.0,2
D:/fivekdataset_big/input/train/a0515-NKIM_MG_6602.tif,514,0,0,1,0.0,0.0,0.0,1.0,0.0,2
D:/fivekdataset_big/input/train/a0516-IMG_4420.tif,515,1,0,0,1.0,0.0,0.0,1.0,0.0,4
D:/fivekdataset_big/input/train/a0517-kme_474.tif,516,1,0,0,0.0,0.0,0.0,1.0,0.0,0
D:/fivekdataset_big/input/train/a0518-DSC_0113.tif,517,1,0,0,0.0,1.0,0.0,1.0,0.0,5
D:/fivekdataset_big/input/train/a0519-LS_060724_8766.tif,518,0,1,0,0.0,0.0,0.0,1.0,1.0,1
D:/fivekdataset_big/input/train/a0520-NKIM_MG_6224.tif,519,0,1,0,0.0,1.0,0.0,0.0,0.0,3
D:/fivekdataset_big/input/train/a0521-IMG_3851.tif,520,1,0,0,1.0,0.0,0.0,1.0,0.0,4
D:/fivekdataset_big/input/train/a0522-kme_253.tif,521,1,0,0,1.0,1.0,0.0,1.0,0.0,4
D:/fivekdataset_big/input/train/a0523-_MG_0142.tif,522,1,0,0,1.0,0.0,0.0,1.0,0.0,4
D:/fivekdataset_big/input/train/a0524-_DGW6317.tif,523,0,0,1,1.0,0.0,0.0,1.0,0.0,2
D:/fivekdataset_big/input/train/a0525-MB_070908_076.tif,524,1,0,0,0.0,0.0,0.0,1.0,0.0,0
D:/fivekdataset_big/input/train/a0526-IMG_4233.tif,525,1,0,0,0.0,0.0,0.0,1.0,0.0,0
D:/fivekdataset_big/input/train/a0527-_DGW6270.tif,526,1,0,0,0.0,1.0,0.0,1.0,0.0,5
D:/fivekdataset_big/input/train/a0528-kme_237.tif,527,1,0,0,1.0,0.0,0.0,1.0,0.0,4
D:/fivekdataset_big/input/train/a0529-jmac_MG_0267.tif,528,1,0,0,1.0,0.0,0.0,1.0,0.0,4
D:/fivekdataset_big/input/train/a0530-Ja_Pe-62.tif,529,1,0,0,1.0,0.0,0.0,1.0,0.0,4
D:/fivekdataset_big/input/train/a0531-dgw_067.tif,530,1,0,0,1.0,0.0,0.0,1.0,0.0,4
D:/fivekdataset_big/input/train/a0533-MB_20030906_063.tif,531,0,0,1,1.0,0.0,0.0,1.0,0.0,2
D:/fivekdataset_big/input/train/a0534-LS_060719_7306.tif,532,0,0,1,1.0,1.0,0.0,1.0,0.0,2
D:/fivekdataset_big/input/train/a0535-jmac_MG_6029.tif,533,0,1,0,0.0,1.0,0.0,0.0,0.0,3
D:/fivekdataset_big/input/train/a0536-IMG_0470.tif,534,1,0,0,0.0,0.0,0.0,1.0,1.0,0
D:/fivekdataset_big/input/train/a0537-IMG_1562.tif,535,0,1,0,0.0,0.0,0.0,1.0,0.0,1
D:/fivekdataset_big/input/train/a0538-Ja_Pe-7.tif,536,1,0,0,1.0,1.0,0.0,1.0,0.0,4
D:/fivekdataset_big/input/train/a0539-jmac_MG_0220.tif,537,1,0,0,0.0,0.0,0.0,1.0,0.0,0
D:/fivekdataset_big/input/train/a0540-jmac_MG_5988.tif,538,0,1,0,0.0,0.0,0.0,1.0,0.0,1
D:/fivekdataset_big/input/train/a0541-050618_215910__MG_2944.tif,539,1,0,0,0.0,0.0,0.0,1.0,0.0,0
D:/fivekdataset_big/input/train/a0542-IMG_4760.tif,540,0,0,1,0.0,1.0,0.0,0.0,0.0,2
D:/fivekdataset_big/input/train/a0543-_DGW6252.tif,541,1,0,0,1.0,0.0,0.0,1.0,0.0,4
D:/fivekdataset_big/input/train/a0544-KE_-0053.tif,542,0,1,0,0.0,1.0,1.0,1.0,0.0,3
D:/fivekdataset_big/input/train/a0545-_DSC2170.tif,543,1,0,0,1.0,1.0,0.0,1.0,0.0,4
D:/fivekdataset_big/input/train/a0546-dgw_153.tif,544,1,0,0,0.0,1.0,1.0,0.0,0.0,5
D:/fivekdataset_big/input/train/a0547-_DSC0445.tif,545,0,0,1,0.0,1.0,0.0,0.0,0.0,2
D:/fivekdataset_big/input/train/a0548-jmac_DSC3767.tif,546,1,0,0,0.0,0.0,0.0,1.0,0.0,0
D:/fivekdataset_big/input/train/a0549-_DSC3051.tif,547,1,0,0,0.0,0.0,0.0,1.0,0.0,0
D:/fivekdataset_big/input/train/a0550-IMG_4965.tif,548,1,0,0,0.0,0.0,1.0,1.0,0.0,0
D:/fivekdataset_big/input/train/a0551-DSC_0008.tif,549,1,0,0,1.0,0.0,0.0,1.0,0.0,4
D:/fivekdataset_big/input/train/a0552-GM6A8442.tif,550,0,1,0,0.0,1.0,0.0,1.0,0.0,3
D:/fivekdataset_big/input/train/a0553-_MG_2093.tif,551,0,1,0,1.0,0.0,0.0,1.0,0.0,1
D:/fivekdataset_big/input/train/a0554-DSC_0003.tif,552,1,0,0,1.0,0.0,0.0,1.0,0.0,4
D:/fivekdataset_big/input/train/a0555-_DSC3330.tif,553,0,0,1,1.0,0.0,0.0,1.0,0.0,2
D:/fivekdataset_big/input/train/a0556-07-08-10-at-19h09m19s-N0000107.tif,554,1,0,0,0.0,1.0,0.0,0.0,0.0,5
D:/fivekdataset_big/input/train/a0557-kme_589.tif,555,0,1,0,1.0,1.0,0.0,1.0,0.0,3
D:/fivekdataset_big/input/train/a0558-kme_395.tif,556,1,0,0,1.0,0.0,0.0,1.0,0.0,4
D:/fivekdataset_big/input/train/a0559-_DSC0007-2.tif,557,1,0,0,0.0,0.0,0.0,1.0,0.0,0
D:/fivekdataset_big/input/train/a0560-jn_2007_05_06__335.tif,558,1,0,0,0.0,1.0,1.0,1.0,0.0,5
D:/fivekdataset_big/input/train/a0561-NKIM_MG_7778.tif,559,0,1,0,0.0,0.0,0.0,1.0,0.0,1
D:/fivekdataset_big/input/train/a0562-dgw_082.tif,560,0,0,1,0.0,1.0,0.0,1.0,0.0,2
D:/fivekdataset_big/input/train/a0563-IMG_0286.tif,561,0,1,0,0.0,0.0,0.0,1.0,0.0,1
D:/fivekdataset_big/input/train/a0564-kme_176.tif,562,1,0,0,1.0,0.0,0.0,1.0,0.0,4
D:/fivekdataset_big/input/train/a0565-NKIM_MG_6637.tif,563,1,0,0,1.0,0.0,0.0,1.0,0.0,4
D:/fivekdataset_big/input/train/a0566-kme_302.tif,564,1,0,0,0.0,1.0,0.0,1.0,0.0,5
D:/fivekdataset_big/input/train/a0567-_DGW6268.tif,565,0,1,0,0.0,0.0,0.0,1.0,0.0,1
D:/fivekdataset_big/input/train/a0568-_MG_1090.tif,566,1,0,0,0.0,0.0,0.0,1.0,0.0,0
D:/fivekdataset_big/input/train/a0569-IMG_0319.tif,567,0,1,0,0.0,1.0,0.0,1.0,0.0,3
D:/fivekdataset_big/input/train/a0570-_DSC0084.tif,568,1,0,0,1.0,0.0,0.0,1.0,1.0,4
D:/fivekdataset_big/input/train/a0571-jmac_DSC5611.tif,569,1,0,0,1.0,0.0,0.0,1.0,0.0,4
D:/fivekdataset_big/input/train/a0572-_DGW6424.tif,570,1,0,0,1.0,1.0,0.0,0.0,0.0,4
D:/fivekdataset_big/input/train/a0573-DSC_0044-1.tif,571,1,0,0,0.0,0.0,0.0,1.0,0.0,0
D:/fivekdataset_big/input/train/a0574-_DSC6152.tif,572,1,0,0,0.0,1.0,0.0,1.0,0.0,5
D:/fivekdataset_big/input/train/a0575-kme_040.tif,573,0,1,0,1.0,0.0,0.0,1.0,0.0,1
D:/fivekdataset_big/input/train/a0576-_I2E6403.tif,574,1,0,0,1.0,0.0,0.0,1.0,0.0,4
D:/fivekdataset_big/input/train/a0577-kme_503.tif,575,1,0,0,0.0,0.0,0.0,1.0,0.0,0
D:/fivekdataset_big/input/train/a0578-IMG_4994.tif,576,1,0,0,0.0,0.0,0.0,1.0,0.0,0
D:/fivekdataset_big/input/train/a0579-IMG_0825.tif,577,1,0,0,0.0,1.0,1.0,1.0,0.0,5
D:/fivekdataset_big/input/train/a0580-kme_350.tif,578,0,1,0,1.0,0.0,0.0,1.0,0.0,1
D:/fivekdataset_big/input/train/a0581-jn_2007_12_10__BU_CRUISE_009.tif,579,1,0,0,1.0,0.0,0.0,0.0,0.0,4
D:/fivekdataset_big/input/train/a0582-DSC_0020.tif,580,1,0,0,1.0,0.0,0.0,1.0,0.0,4
D:/fivekdataset_big/input/train/a0583-Ja_Pe-34.tif,581,0,0,1,1.0,0.0,0.0,1.0,0.0,2
D:/fivekdataset_big/input/train/a0584-tc_DSC2161.tif,582,1,0,0,1.0,0.0,0.0,1.0,0.0,4
D:/fivekdataset_big/input/train/a0585-jmacdscf0551.tif,583,1,0,0,0.0,0.0,0.0,1.0,0.0,0
D:/fivekdataset_big/input/train/a0586-JI2E4687.tif,584,1,0,0,1.0,0.0,0.0,1.0,0.0,4
D:/fivekdataset_big/input/train/a0587-IMG_2780.tif,585,1,0,0,0.0,1.0,0.0,1.0,0.0,5
D:/fivekdataset_big/input/train/a0588-dgw_118.tif,586,1,0,0,0.0,0.0,0.0,1.0,1.0,0
D:/fivekdataset_big/input/train/a0589-LSstone_060806_8886.tif,587,0,0,1,0.0,1.0,0.0,1.0,1.0,2
D:/fivekdataset_big/input/train/a0590-050708_105048__I2E9570.tif,588,0,1,0,1.0,0.0,0.0,1.0,0.0,1
D:/fivekdataset_big/input/train/a0591-_DGW6381.tif,589,0,0,1,1.0,0.0,0.0,0.0,0.0,2
D:/fivekdataset_big/input/train/a0592-jmac_DSC4033.tif,590,0,1,0,1.0,0.0,0.0,1.0,0.0,1
D:/fivekdataset_big/input/train/a0593-kme_031.tif,591,0,0,1,0.0,1.0,0.0,1.0,0.0,2
D:/fivekdataset_big/input/train/a0594-_MG_0406.tif,592,0,0,1,0.0,1.0,0.0,1.0,0.0,2
D:/fivekdataset_big/input/train/a0595-_DGW6264.tif,593,0,1,0,1.0,0.0,0.0,1.0,0.0,1
D:/fivekdataset_big/input/train/a0596-NKIM_135.tif,594,1,0,0,1.0,0.0,0.0,1.0,0.0,4
D:/fivekdataset_big/input/train/a0597-dgw_012.tif,595,1,0,0,1.0,0.0,0.0,1.0,0.0,4
D:/fivekdataset_big/input/train/a0598-NKIM_MG_6367.tif,596,1,0,0,0.0,0.0,0.0,1.0,0.0,0
D:/fivekdataset_big/input/train/a0599-KE_-005.tif,597,1,0,0,0.0,0.0,0.0,1.0,0.0,0
D:/fivekdataset_big/input/train/a0600-2004-07-29+21-13-02+CRW_3421.tif,598,1,0,0,1.0,1.0,0.0,1.0,0.0,4
D:/fivekdataset_big/input/train/a0601-07-11-26-at-12h45m09s-_MG_7055.tif,599,1,0,0,1.0,1.0,0.0,1.0,0.0,4
D:/fivekdataset_big/input/train/a0602-kme_225.tif,600,1,0,0,1.0,0.0,0.0,1.0,1.0,4
D:/fivekdataset_big/input/train/a0603-050918_140528__MG_5980.tif,601,1,0,0,0.0,0.0,0.0,1.0,0.0,0
D:/fivekdataset_big/input/train/a0604-jn_2007_12_15__BU_CRUISE_257.tif,602,1,0,0,1.0,0.0,0.0,1.0,1.0,4
D:/fivekdataset_big/input/train/a0605-_MG_7197.tif,603,1,0,0,1.0,1.0,0.0,0.0,0.0,4
D:/fivekdataset_big/input/train/a0606-051002_152054__I2E8779.tif,604,0,0,1,0.0,1.0,0.0,1.0,0.0,2
D:/fivekdataset_big/input/train/a0607-NKIM_MG_6774.tif,605,1,0,0,1.0,1.0,0.0,1.0,0.0,4
D:/fivekdataset_big/input/train/a0608-_DGW6367.tif,606,0,1,0,0.0,0.0,0.0,1.0,0.0,1
D:/fivekdataset_big/input/train/a0609-_MG_3231.tif,607,1,0,0,0.0,1.0,1.0,1.0,0.0,5
D:/fivekdataset_big/input/train/a0610-kme_129.tif,608,0,1,0,0.0,1.0,0.0,1.0,0.0,3
D:/fivekdataset_big/input/train/a0611-IMG_0056.tif,609,0,0,1,0.0,0.0,0.0,1.0,0.0,2
D:/fivekdataset_big/input/train/a0612-LSCRW_0030.tif,610,1,0,0,0.0,1.0,0.0,1.0,0.0,5
D:/fivekdataset_big/input/train/a0613-LS051025_day_2_LL053.tif,611,1,0,0,1.0,0.0,0.0,1.0,0.0,4
D:/fivekdataset_big/input/train/a0614-IMG_3348.tif,612,1,0,0,0.0,1.0,1.0,1.0,0.0,5
D:/fivekdataset_big/input/train/a0615-IMG_4025.tif,613,1,0,0,0.0,1.0,0.0,1.0,0.0,5
D:/fivekdataset_big/input/train/a0616-DSC_0146.tif,614,0,1,0,0.0,0.0,0.0,1.0,0.0,1
D:/fivekdataset_big/input/train/a0617-20060619_094244__MG_9140.tif,615,1,0,0,0.0,1.0,1.0,0.0,0.0,5
D:/fivekdataset_big/input/train/a0618-kme_515.tif,616,0,0,1,1.0,1.0,1.0,1.0,0.0,2
D:/fivekdataset_big/input/train/a0619-20081019_at_01h22m56__MG_3327.tif,617,0,1,0,1.0,1.0,0.0,1.0,0.0,3
D:/fivekdataset_big/input/train/a0620-jmac_MG_6253.tif,618,1,0,0,1.0,0.0,0.0,1.0,0.0,4
D:/fivekdataset_big/input/train/a0621-20080514_110501__MG_9940.tif,619,0,0,1,0.0,0.0,0.0,1.0,0.0,2
D:/fivekdataset_big/input/train/a0622-jmac_MG_5852.tif,620,0,1,0,0.0,0.0,0.0,1.0,0.0,1
D:/fivekdataset_big/input/train/a0623-dvf_031.tif,621,1,0,0,0.0,1.0,0.0,1.0,0.0,5
D:/fivekdataset_big/input/train/a0624-KE_-2574.tif,622,1,0,0,0.0,1.0,0.0,1.0,0.0,5
D:/fivekdataset_big/input/train/a0625-IMG_1324.tif,623,0,0,1,1.0,0.0,0.0,1.0,0.0,2
D:/fivekdataset_big/input/train/a0626-20070618_190911__MG_8400.tif,624,1,0,0,1.0,0.0,0.0,1.0,0.0,4
D:/fivekdataset_big/input/train/a0627-_DSC5388.tif,625,0,0,1,0.0,0.0,0.0,1.0,0.0,2
D:/fivekdataset_big/input/train/a0628-kme_144.tif,626,0,1,0,0.0,1.0,1.0,0.0,0.0,3
D:/fivekdataset_big/input/train/a0629-MB_20030906_100.tif,627,1,0,0,1.0,0.0,0.0,1.0,0.0,4
D:/fivekdataset_big/input/train/a0630-jmac_DSC3294.tif,628,1,0,0,0.0,1.0,0.0,1.0,0.0,5
D:/fivekdataset_big/input/train/a0631-NKIM_MG_6442.tif,629,0,0,1,1.0,0.0,0.0,1.0,0.0,2
D:/fivekdataset_big/input/train/a0632-07-06-01-at-12h50m26-s_MG_1230.tif,630,0,0,1,1.0,0.0,0.0,1.0,0.0,2
D:/fivekdataset_big/input/train/a0633-kme_450.tif,631,1,0,0,1.0,0.0,0.0,1.0,0.0,4
D:/fivekdataset_big/input/train/a0634-_DGW6340.tif,632,1,0,0,1.0,0.0,0.0,1.0,1.0,4
D:/fivekdataset_big/input/train/a0635-20060613_112054__MG_7862.tif,633,1,0,0,0.0,1.0,1.0,1.0,0.0,5
D:/fivekdataset_big/input/train/a0636-07-11-27-at-10h02m30s-_MG_7226.tif,634,1,0,0,0.0,0.0,0.0,1.0,0.0,0
D:/fivekdataset_big/input/train/a0637-IMG_4277.tif,635,1,0,0,0.0,0.0,0.0,1.0,0.0,0
D:/fivekdataset_big/input/train/a0638-20061008_092601__MG_0024.tif,636,1,0,0,0.0,0.0,0.0,1.0,0.0,0
D:/fivekdataset_big/input/train/a0639-dvf_010.tif,637,0,1,0,0.0,1.0,0.0,1.0,0.0,3
D:/fivekdataset_big/input/train/a0640-20061231_174638__E6B8019.tif,638,0,0,1,1.0,0.0,0.0,1.0,0.0,2
D:/fivekdataset_big/input/train/a0641-kme_543.tif,639,0,1,0,1.0,1.0,0.0,0.0,0.0,3
D:/fivekdataset_big/input/train/a0642-kme_037.tif,640,0,1,0,0.0,1.0,1.0,1.0,0.0,3
D:/fivekdataset_big/input/train/a0643-WP_CRW_1443.tif,641,1,0,0,0.0,1.0,0.0,1.0,0.0,5
D:/fivekdataset_big/input/train/a0644-IMG_1680.tif,642,0,1,0,0.0,1.0,0.0,1.0,0.0,3
D:/fivekdataset_big/input/train/a0645-kme_581.tif,643,1,0,0,1.0,1.0,0.0,1.0,0.0,4
D:/fivekdataset_big/input/train/a0646-20070826_182055__MG_9177.tif,644,0,0,1,0.0,0.0,0.0,1.0,0.0,2
D:/fivekdataset_big/input/train/a0647-_DSC0047.tif,645,1,0,0,0.0,1.0,0.0,1.0,0.0,5
D:/fivekdataset_big/input/train/a0648-IMG_5085.tif,646,0,1,0,0.0,1.0,1.0,1.0,0.0,3
D:/fivekdataset_big/input/train/a0649-Ja_Pe-77.tif,647,0,1,0,0.0,1.0,0.0,1.0,0.0,3
D:/fivekdataset_big/input/train/a0650-dgw_060.tif,648,1,0,0,0.0,1.0,0.0,1.0,0.0,5
D:/fivekdataset_big/input/train/a0651-dgw_129.tif,649,0,1,0,0.0,0.0,0.0,1.0,0.0,1
D:/fivekdataset_big/input/train/a0652-jmac_DSC3908.tif,650,1,0,0,1.0,1.0,0.0,1.0,0.0,4
D:/fivekdataset_big/input/train/a0653-kme_132.tif,651,0,0,1,0.0,0.0,0.0,1.0,0.0,2
D:/fivekdataset_big/input/train/a0654-DSC_0129.tif,652,0,1,0,0.0,1.0,0.0,0.0,0.0,3
D:/fivekdataset_big/input/train/a0655-IMG_0994.tif,653,0,1,0,0.0,0.0,0.0,1.0,0.0,1
D:/fivekdataset_big/input/train/a0656-20070505_100410__MG_6820.tif,654,1,0,0,0.0,0.0,0.0,1.0,0.0,0
D:/fivekdataset_big/input/train/a0657-DSC_0011.tif,655,0,1,0,0.0,1.0,0.0,1.0,0.0,3
D:/fivekdataset_big/input/train/a0658-dgw_105.tif,656,0,1,0,0.0,1.0,0.0,1.0,0.0,3
D:/fivekdataset_big/input/train/a0659-051009_144152__MG_6254.tif,657,0,1,0,1.0,1.0,1.0,0.0,0.0,3
D:/fivekdataset_big/input/train/a0660-IMG_4000.tif,658,1,0,0,0.0,0.0,0.0,1.0,0.0,0
D:/fivekdataset_big/input/train/a0661-07-09-22-at-15h38m30s-_Z9B3075.tif,659,0,0,1,0.0,1.0,1.0,0.0,0.0,2
D:/fivekdataset_big/input/train/a0662-IMG_0325.tif,660,0,1,0,0.0,1.0,0.0,1.0,0.0,3
D:/fivekdataset_big/input/train/a0663-kme_498.tif,661,0,1,0,0.0,0.0,0.0,1.0,0.0,1
D:/fivekdataset_big/input/train/a0664-_DSC2171.tif,662,1,0,0,0.0,0.0,0.0,1.0,0.0,0
D:/fivekdataset_big/input/train/a0665-kme_110.tif,663,0,1,0,0.0,0.0,1.0,1.0,0.0,1
D:/fivekdataset_big/input/train/a0666-IMG_5021.tif,664,1,0,0,0.0,0.0,0.0,1.0,0.0,0
D:/fivekdataset_big/input/train/a0667-IMG_2867.tif,665,0,0,1,1.0,0.0,0.0,0.0,0.0,2
D:/fivekdataset_big/input/train/a0668-kme_032.tif,666,1,0,0,0.0,0.0,0.0,1.0,1.0,0
D:/fivekdataset_big/input/train/a0669-DSC_0047-1-2.tif,667,1,0,0,1.0,1.0,0.0,1.0,1.0,4
D:/fivekdataset_big/input/train/a0670-kme_158.tif,668,1,0,0,1.0,0.0,0.0,1.0,0.0,4
D:/fivekdataset_big/input/train/a0671-IMG_0621.tif,669,0,0,1,0.0,1.0,0.0,1.0,0.0,2
D:/fivekdataset_big/input/train/a0672-_DSC8842.tif,670,0,0,1,0.0,0.0,0.0,1.0,0.0,2
D:/fivekdataset_big/input/train/a0673-IMG_1635.tif,671,1,0,0,0.0,0.0,0.0,1.0,0.0,0
D:/fivekdataset_big/input/train/a0674-KE_-1393.tif,672,1,0,0,0.0,0.0,0.0,1.0,0.0,0
D:/fivekdataset_big/input/train/a0675-_DGW6371.tif,673,0,1,0,0.0,0.0,0.0,1.0,0.0,1
D:/fivekdataset_big/input/train/a0676-kme_609.tif,674,1,0,0,1.0,0.0,0.0,1.0,1.0,4
D:/fivekdataset_big/input/train/a0677-050716_112558__I2E4115.tif,675,0,1,0,0.0,0.0,0.0,1.0,0.0,1
D:/fivekdataset_big/input/train/a0678-kme_475.tif,676,1,0,0,1.0,0.0,0.0,1.0,0.0,4
D:/fivekdataset_big/input/train/a0679-kme_284.tif,677,1,0,0,0.0,0.0,0.0,1.0,0.0,0
D:/fivekdataset_big/input/train/a0680-jn_20080130_Las_Vegas_0048.tif,678,1,0,0,0.0,0.0,0.0,1.0,0.0,0
D:/fivekdataset_big/input/train/a0681-060811_183554__MG_6223.tif,679,0,0,1,0.0,1.0,0.0,1.0,0.0,2
D:/fivekdataset_big/input/train/a0682-DSC_0003.tif,680,1,0,0,0.0,1.0,0.0,1.0,0.0,5
D:/fivekdataset_big/input/train/a0683-DSC_0011-1.tif,681,0,1,0,0.0,1.0,1.0,1.0,0.0,3
D:/fivekdataset_big/input/train/a0684-IMG_5076.tif,682,0,1,0,0.0,1.0,0.0,1.0,0.0,3
D:/fivekdataset_big/input/train/a0685-_DSC0102.tif,683,0,1,0,0.0,1.0,1.0,0.0,0.0,3
D:/fivekdataset_big/input/train/a0686-KE_-1758.tif,684,1,0,0,0.0,0.0,0.0,1.0,0.0,0
D:/fivekdataset_big/input/train/a0687-2004-03-29+08-27-22+CRW_5754.tif,685,0,1,0,0.0,1.0,0.0,1.0,0.0,3
D:/fivekdataset_big/input/train/a0688-IMG_4426.tif,686,0,1,0,1.0,1.0,0.0,1.0,0.0,3
D:/fivekdataset_big/input/train/a0689-DSC_0006-2.tif,687,0,1,0,0.0,1.0,1.0,0.0,0.0,3
D:/fivekdataset_big/input/train/a0690-_MG_6397.tif,688,1,0,0,0.0,1.0,1.0,1.0,0.0,5
D:/fivekdataset_big/input/train/a0691-jn_20081025_Kent_Shelter_021.tif,689,1,0,0,0.0,0.0,0.0,1.0,0.0,0
D:/fivekdataset_big/input/train/a0692-IMG_5076.tif,690,1,0,0,1.0,1.0,0.0,1.0,0.0,4
D:/fivekdataset_big/input/train/a0693-NKIM_046.tif,691,1,0,0,1.0,1.0,0.0,1.0,0.0,4
D:/fivekdataset_big/input/train/a0694-LS051026_day_2_arive46.tif,692,1,0,0,1.0,1.0,0.0,1.0,0.0,4
D:/fivekdataset_big/input/train/a0695-Ja_Pe-100.tif,693,1,0,0,0.0,1.0,0.0,1.0,0.0,5
D:/fivekdataset_big/input/train/a0696-DSC_0004-3.tif,694,1,0,0,1.0,0.0,0.0,1.0,0.0,4
D:/fivekdataset_big/input/train/a0697-IMG_4796.tif,695,0,1,0,0.0,1.0,0.0,1.0,0.0,3
D:/fivekdataset_big/input/train/a0698-20070825_101950__E6B9284.tif,696,1,0,0,0.0,0.0,0.0,1.0,0.0,0
D:/fivekdataset_big/input/train/a0699-050819_170534__I2E7771.tif,697,0,1,0,1.0,1.0,0.0,0.0,0.0,3
D:/fivekdataset_big/input/train/a0700-IMG_2879.tif,698,1,0,0,0.0,0.0,0.0,1.0,0.0,0
D:/fivekdataset_big/input/train/a0701-jn_2007_12_10__BU_CRUISE_001.tif,699,1,0,0,0.0,1.0,0.0,1.0,0.0,5
D:/fivekdataset_big/input/train/a0702-dgw_091.tif,700,0,0,1,0.0,1.0,0.0,1.0,0.0,2
D:/fivekdataset_big/input/train/a0703-IMG_4226.tif,701,1,0,0,0.0,0.0,0.0,1.0,0.0,0
D:/fivekdataset_big/input/train/a0704-jmac_MG_0617.tif,702,1,0,0,0.0,0.0,0.0,1.0,0.0,0
D:/fivekdataset_big/input/train/a0705-WP_CRW_4059.tif,703,1,0,0,1.0,1.0,0.0,0.0,0.0,4
D:/fivekdataset_big/input/train/a0706-kme_217.tif,704,1,0,0,1.0,0.0,0.0,1.0,0.0,4
D:/fivekdataset_big/input/train/a0707-07-12-01-at-15h31m07s-_MG_8670.tif,705,0,0,1,0.0,0.0,0.0,1.0,0.0,2
D:/fivekdataset_big/input/train/a0708-20070210_164509__MG_6786.tif,706,1,0,0,0.0,0.0,0.0,1.0,0.0,0
D:/fivekdataset_big/input/train/a0709-07-12-01-at-17h01m35s-_MG_8762.tif,707,0,0,1,0.0,0.0,0.0,1.0,0.0,2
D:/fivekdataset_big/input/train/a0710-kme_329.tif,708,1,0,0,1.0,1.0,0.0,1.0,0.0,4
D:/fivekdataset_big/input/train/a0711-WP_IMG_1592.tif,709,0,1,0,0.0,0.0,0.0,1.0,0.0,1
D:/fivekdataset_big/input/train/a0712-_DSC8911.tif,710,1,0,0,0.0,1.0,1.0,0.0,0.0,5
D:/fivekdataset_big/input/train/a0713-IMG_1505.tif,711,1,0,0,1.0,1.0,0.0,1.0,0.0,4
D:/fivekdataset_big/input/train/a0714-IMG_0089.tif,712,0,0,1,0.0,0.0,0.0,1.0,0.0,2
D:/fivekdataset_big/input/train/a0715-060812_182920__MG_6255.tif,713,0,1,0,0.0,1.0,1.0,1.0,0.0,3
D:/fivekdataset_big/input/train/a0716-MB_20030906_030.tif,714,0,1,0,1.0,0.0,0.0,1.0,0.0,1
D:/fivekdataset_big/input/train/a0717-tc_DSC4256.tif,715,0,0,1,0.0,0.0,0.0,1.0,0.0,2
D:/fivekdataset_big/input/train/a0718-_DSC1333.tif,716,1,0,0,0.0,1.0,0.0,1.0,0.0,5
D:/fivekdataset_big/input/train/a0719-jmac_MG_5118.tif,717,0,0,1,0.0,0.0,0.0,1.0,0.0,2
D:/fivekdataset_big/input/train/a0720-GrassleyCase-5419.tif,718,0,0,1,0.0,1.0,0.0,1.0,0.0,2
D:/fivekdataset_big/input/train/a0721-IMG_3761.tif,719,0,1,0,0.0,1.0,0.0,1.0,0.0,3
D:/fivekdataset_big/input/train/a0722-tc_DSC1969.tif,720,0,1,0,1.0,1.0,0.0,0.0,0.0,3
D:/fivekdataset_big/input/train/a0723-NKIM_MG_6091.tif,721,0,1,0,0.0,1.0,0.0,1.0,0.0,3
D:/fivekdataset_big/input/train/a0724-IMG_4637.tif,722,0,0,1,0.0,1.0,0.0,1.0,0.0,2
D:/fivekdataset_big/input/train/a0725-07-12-02-at-10h25m22s-_MG_8796.tif,723,1,0,0,1.0,1.0,0.0,1.0,0.0,4
D:/fivekdataset_big/input/train/a0726-IMG_1669.tif,724,0,1,0,1.0,1.0,0.0,1.0,0.0,3
D:/fivekdataset_big/input/train/a0727-07-11-11-at-11h53m38s-_MG_4569.tif,725,0,1,0,0.0,0.0,0.0,1.0,0.0,1
D:/fivekdataset_big/input/train/a0728-IMG_1733.tif,726,0,1,0,1.0,1.0,0.0,1.0,0.0,3
D:/fivekdataset_big/input/train/a0729-jmac_DSC3864.tif,727,0,1,0,1.0,0.0,0.0,1.0,0.0,1
D:/fivekdataset_big/input/train/a0730-IMG_4792.tif,728,0,1,0,1.0,1.0,0.0,1.0,0.0,3
D:/fivekdataset_big/input/train/a0731-IMG_3972.tif,729,0,0,1,0.0,0.0,0.0,1.0,0.0,2
D:/fivekdataset_big/input/train/a0732-DSC_0075.tif,730,0,1,0,1.0,1.0,0.0,1.0,0.0,3
D:/fivekdataset_big/input/train/a0733-WP_CRW_0495.tif,731,1,0,0,0.0,0.0,0.0,1.0,0.0,0
D:/fivekdataset_big/input/train/a0734-kme_229.tif,732,1,0,0,0.0,1.0,0.0,1.0,0.0,5
D:/fivekdataset_big/input/train/a0735-KE_-2091.tif,733,0,1,0,1.0,0.0,0.0,0.0,0.0,1
D:/fivekdataset_big/input/train/a0736-_DGW6293.tif,734,0,0,1,0.0,1.0,0.0,1.0,0.0,2
D:/fivekdataset_big/input/train/a0737-07-09-22-at-20h14m16s-_Z9B3228.tif,735,1,0,0,1.0,1.0,0.0,1.0,0.0,4
D:/fivekdataset_big/input/train/a0738-WP_CRW_9283.tif,736,1,0,0,0.0,0.0,0.0,1.0,0.0,0
D:/fivekdataset_big/input/train/a0739-IMG_0746.tif,737,0,0,1,0.0,1.0,0.0,1.0,0.0,2
D:/fivekdataset_big/input/train/a0740-dvf_019.tif,738,1,0,0,1.0,0.0,0.0,1.0,0.0,4
D:/fivekdataset_big/input/train/a0741-kme_169.tif,739,0,1,0,0.0,0.0,0.0,1.0,1.0,1
D:/fivekdataset_big/input/train/a0742-IMG_2429.tif,740,1,0,0,1.0,0.0,0.0,1.0,0.0,4
D:/fivekdataset_big/input/train/a0743-_DSC6146.tif,741,0,1,0,0.0,0.0,0.0,1.0,0.0,1
D:/fivekdataset_big/input/train/a0744-Ja_Pe-99.tif,742,1,0,0,0.0,0.0,0.0,1.0,0.0,0
D:/fivekdataset_big/input/train/a0745-NKIM_117.tif,743,0,1,0,0.0,0.0,0.0,1.0,0.0,1
D:/fivekdataset_big/input/train/a0746-050724_185230__I2E5154.tif,744,1,0,0,0.0,1.0,0.0,1.0,0.0,5
D:/fivekdataset_big/input/train/a0747-dgw_033.tif,745,0,1,0,0.0,1.0,0.0,1.0,0.0,3
D:/fivekdataset_big/input/train/a0748-kme_222.tif,746,0,0,1,1.0,0.0,0.0,1.0,0.0,-1
D:/fivekdataset_big/input/train/a0749-WP_CRW_9500.tif,747,1,0,0,0.0,0.0,1.0,1.0,0.0,0
D:/fivekdataset_big/input/train/a0750-IMG_1874.tif,748,1,0,0,0.0,1.0,0.0,1.0,0.0,5
D:/fivekdataset_big/input/train/a0751-kme_582.tif,749,1,0,0,0.0,0.0,0.0,1.0,0.0,0
